male.ID,ng.g,age.sample,mrank_birth,unit.size.cont,pat.sibs.sample,cum.rain,min.Temp,max.Temp,year,sample.date,month.sample,year.sample,mrank_prop
ZOR,576,4.5,NA,7,4,220.2,7.68,15.18,2011,10/4/11,10,2011,NA
OAS,244.83,4.1,NA,7,5,220.2,7.68,15.18,2011,10/4/11,10,2011,0.333333333
SEA,394,3.9,NA,5,1,210.8,7.68,15.41,2011,10/5/11,10,2011,0.5
DON,379.76,5.1,NA,5,1,210.8,7.68,15.41,2011,10/5/11,10,2011,1
TEC,340.84,4.1,NA,8,2,210.8,7.68,15.41,2011,10/5/11,10,2011,0.857142857
DIL,735.18,0.9,0,4,2,151,7.54,15.91,2011,10/10/11,10,2011,0.5
CUE,500.75,1,1,5,4,148.6,7.49,15.94,2011,10/11/11,10,2011,0.857142857
ERI,296.7,1.7,0,4,4,148.6,7.49,15.94,2011,10/11/11,10,2011,0
ISA,379.65,1.3,0.5,3,4,148.6,7.49,15.94,2011,10/11/11,10,2011,0.428571429
DON,348,5.1,NA,5,1,138.6,7.45,16.01,2011,10/12/11,10,2011,1
SEA,201.44,4,NA,5,1,138.6,7.45,16.01,2011,10/12/11,10,2011,0.5
VEX,206.4,3.9,NA,7,2,82.4,7.38,16.19,2011,10/17/11,10,2011,0.666666667
SEA,303.13,4,NA,5,1,77.4,7.33,16.26,2011,10/18/11,10,2011,0.5
DON,157.97,5.1,NA,5,1,77.4,7.33,16.26,2011,10/18/11,10,2011,1
CLY,244.91,1.6,0.333333333,2,4,56.5,7.24,16.51,2011,10/22/11,10,2011,0.714285714
DAL,192.68,2.5,0.25,4,1,56.5,7.24,16.51,2011,10/22/11,10,2011,0
TEC,156.63,4.1,NA,8,2,46.5,7.18,16.42,2011,10/24/11,10,2011,0.857142857
VEX,209.32,3.9,NA,7,2,46.5,7.18,16.42,2011,10/24/11,10,2011,0.666666667
DON,226.14,5.1,NA,5,1,26.3,7.14,16.39,2011,10/25/11,10,2011,1
SEA,180.69,4,NA,5,1,26.3,7.14,16.39,2011,10/25/11,10,2011,0.5
ZIR,186.41,1.9,0.4,8,3,10.8,7.1,16.41,2011,10/26/11,10,2011,0.833333333
ZAI,202.04,2.2,0,8,3,10.8,7.1,16.41,2011,10/26/11,10,2011,0.333333333
XAV,139.45,2.8,NA,7,4,10.8,7.1,16.41,2011,10/26/11,10,2011,0.5
TEC,205.06,4.2,NA,8,2,9.9,7.08,16.51,2011,10/27/11,10,2011,0.857142857
OAS,131.57,4.1,NA,7,5,16.9,7.09,16.52,2011,10/31/11,10,2011,0.333333333
DUD,127.94,3.2,NA,7,5,37.9,7.1,16.43,2011,11/1/11,11,2011,1
TAU,196.71,4.8,0.5,7,2,8.5,7.08,16.48,2011,10/29/11,10,2011,0.714285714
BAG,161.17,3.1,NA,10,3,57.8,7.08,16.22,2011,11/3/11,11,2011,0.777777778
DIL,391.2,1,0,4,2,56.3,7.04,16.16,2011,11/4/11,11,2011,0.5
TAU,215.4,4.8,0.5,7,2,56.3,7.04,16.16,2011,11/4/11,11,2011,0.714285714
OAS,740,4.2,NA,7,3,56,7.02,16.01,2011,11/6/11,11,2011,0.166666667
TOR,323.53,2,0,8,1,55.8,7,15.97,2011,11/7/11,11,2011,0.222222222
VEX,413.67,3.9,NA,7,2,55.8,7,15.97,2011,11/7/11,11,2011,0.666666667
BAG,177.68,3.2,NA,10,3,55.8,7,15.97,2011,11/7/11,11,2011,0.777777778
DAL,377.04,2.5,0.25,4,1,55.7,7,15.91,2011,11/8/11,11,2011,0
TAU,309.47,4.8,0.5,7,2,55.7,7,15.91,2011,11/8/11,11,2011,0.714285714
ORE,132.33,3.9,0,8,2,55.7,7,15.91,2011,11/8/11,11,2011,0.142857143
SEA,862.91,4,NA,5,1,55.7,7,15.91,2011,11/8/11,11,2011,0.5
ZIL,600,4.6,NA,7,5,55.8,7.02,15.87,2011,11/9/11,11,2011,0.67
BAG,582.42,3.2,NA,10,3,55.8,7.02,15.87,2011,11/9/11,11,2011,0.777777778
ZEN,128.96,4.6,NA,7,2,55.8,7.02,15.87,2011,11/9/11,11,2011,0.833333333
DUD,659.29,3.2,NA,7,5,55.8,7.02,15.87,2011,11/9/11,11,2011,1
GON,144.51,2.8,1,8,3,61.4,7,15.71,2011,11/11/11,11,2011,1
ERI,224.71,1.8,0,4,4,61.4,7,15.71,2011,11/11/11,11,2011,0
CLY,258.69,1.7,0.333333333,2,4,62,7,15.71,2011,11/12/11,11,2011,0.714285714
ISA,381.94,1.3,0.5,3,4,62,7,15.71,2011,11/12/11,11,2011,0.428571429
TEC,154.41,4.2,NA,8,2,62,7,15.71,2011,11/12/11,11,2011,1
VEX,494,4,NA,7,2,56.3,7.06,15.7,2011,11/14/11,11,2011,0.666666667
XAV,354.39,2.8,NA,7,4,56.3,7.06,15.7,2011,11/14/11,11,2011,0.666666667
OAS,446.34,4.2,NA,7,3,56.3,7.06,15.7,2011,11/14/11,11,2011,0.166666667
ZOR,470.35,4.6,NA,7,4,56.3,7.06,15.7,2011,11/14/11,11,2011,NA
SEA,404.2,4.1,NA,5,1,56.3,7.07,15.69,2011,11/15/11,11,2011,0.5
SEY,234.51,5.5,NA,8,0,56.3,7.07,15.69,2011,11/15/11,11,2011,0.375
ZEN,210.43,4.6,NA,7,2,56.3,7.07,15.69,2011,11/15/11,11,2011,0.833333333
JOK,330.99,2,0.5,2,0,56.3,7.09,15.66,2011,11/16/11,11,2011,1
TEC,437.69,4.2,NA,8,2,56.3,7.11,15.65,2011,11/17/11,11,2011,1
ISA,1315.6,1.4,0.5,3,4,56.3,7.11,15.65,2011,11/17/11,11,2011,0.428571429
TAU,240,4.8,0.5,7,2,56.3,7.11,15.65,2011,11/17/11,11,2011,0.714285714
DUD,141.45,3.3,NA,7,5,56.3,7.12,15.61,2011,11/18/11,11,2011,1
CUE,398.18,1.1,1,5,4,56.3,7.12,15.61,2011,11/18/11,11,2011,1
ZAI,401.82,2.3,0,8,3,56.3,7.1,15.54,2011,11/19/11,11,2011,0.166666667
BAG,220.34,3.2,NA,10,3,56.3,7.1,15.54,2011,11/19/11,11,2011,0.777777778
VEX,235.59,4,NA,7,2,58.3,7.04,15.47,2011,11/21/11,11,2011,0.666666667
OWE,347.23,1.9,0.833333333,8,4,58.3,7.04,15.47,2011,11/21/11,11,2011,0.571428571
ORE,240,3.9,0,8,2,58.3,7.04,15.47,2011,11/21/11,11,2011,0.142857143
SEA,385.03,4.1,NA,5,1,58.3,7.04,15.47,2011,11/21/11,11,2011,0.5
TAU,165.33,4.8,0.5,7,2,58.3,7.04,15.47,2011,11/21/11,11,2011,0.714285714
MIA,265.68,1.2,0.888888889,8,2,58.6,7.02,15.41,2011,11/22/11,11,2011,0.857142857
DOM,252,2.9,0.428571429,3,3,58.6,7,15.35,2011,11/24/11,11,2011,1
CLY,180.53,1.7,0.333333333,2,4,58.6,7,15.35,2011,11/24/11,11,2011,0.714285714
ZIL,231.86,4.7,NA,7,5,58.6,6.97,15.28,2011,11/26/11,11,2011,0.67
ZEN,242.13,4.6,NA,7,2,58.6,6.97,15.28,2011,11/26/11,11,2011,0.833333333
BAG,171.25,3.2,NA,10,3,58.6,6.97,15.28,2011,11/26/11,11,2011,0.777777778
OAS,124.32,4.2,NA,7,3,58.6,6.97,15.28,2011,11/26/11,11,2011,0.166666667
OMA,391.55,1.6,0.375,8,5,58.6,6.82,15.21,2011,11/28/11,11,2011,0.571428571
BAG,163.75,3.2,NA,10,3,58.6,6.82,15.21,2011,11/28/11,11,2011,0.777777778
ZIL,148.33,4.7,NA,7,5,58.6,6.82,15.21,2011,11/28/11,11,2011,0.67
SEA,491.04,4.1,NA,5,1,58.2,6.73,15.15,2011,11/29/11,11,2011,0.5
DON,363.4,5.2,NA,5,1,58.2,6.73,15.15,2011,11/29/11,11,2011,1
VEX,175.71,4,NA,7,2,58.2,6.73,15.15,2011,11/29/11,11,2011,0.666666667
ORE,199.2,3.9,0,8,2,58.2,6.73,15.15,2011,11/29/11,11,2011,0.142857143
TAU,188.73,4.9,0.5,7,2,58.2,6.73,15.15,2011,11/29/11,11,2011,0.714285714
ZEN,172.62,4.6,NA,7,2,50.2,6.63,15.15,2011,11/30/11,11,2011,0.833333333
ZOR,200.43,4.7,NA,7,4,50.2,6.63,15.15,2011,11/30/11,11,2011,NA
ZAI,214.7,2.3,0,8,3,29.2,6.54,15.2,2011,12/1/11,12,2011,0.166666667
MOJ,365.47,2.8,0,3,3,10.2,6.47,15.2,2011,12/2/11,12,2011,0
CLY,303.46,1.8,0.333333333,2,4,10.2,6.47,15.2,2011,12/2/11,12,2011,0.571428571
GOB,189.05,3.7,NA,11,2,10.2,6.47,15.2,2011,12/2/11,12,2011,0
TOR,221.4,2.1,0,8,1,10.2,6.47,15.2,2011,12/2/11,12,2011,0.222222222
CUE,267.36,1.2,1,5,4,9.3,6.42,15.16,2011,12/3/11,12,2011,1
OAS,176.8,4.2,NA,7,5,9.3,6.42,15.16,2011,12/3/11,12,2011,0.166666667
MOJ,204.53,2.8,0,3,3,8.7,6.32,15.27,2011,12/6/11,12,2011,0
BAG,220.11,3.2,NA,10,3,8.7,6.32,15.27,2011,12/6/11,12,2011,0.777777778
XAV,128.37,2.9,NA,7,4,8.7,6.31,15.27,2011,12/7/11,12,2011,0.666666667
VEX,297.66,4,NA,7,2,8.7,6.31,15.27,2011,12/7/11,12,2011,0.666666667
ISA,210.86,1.4,0.5,3,4,8.7,6.31,15.27,2011,12/7/11,12,2011,0.285714286
ERI,335.37,1.9,0,4,4,8.7,6.31,15.27,2011,12/7/11,12,2011,0
DON,525.2,5.2,NA,5,1,8.7,6.26,15.26,2011,12/8/11,12,2011,1
TEC,419.31,4.3,NA,8,2,8.7,6.26,15.26,2011,12/8/11,12,2011,1
TAU,946.13,4.9,0.5,7,2,8.7,6.26,15.26,2011,12/8/11,12,2011,0.571428571
ZIL,353.05,4.7,NA,7,4,6.4,6.19,15.25,2011,12/10/11,12,2011,0.666666667
VEX,334.29,4,NA,7,2,2.4,6.15,15.18,2011,12/12/11,12,2011,0.666666667
TEC,350.25,4.3,NA,8,2,2.4,6.15,15.18,2011,12/12/11,12,2011,1
BAG,284.8,3.3,NA,10,3,2.4,6.15,15.18,2011,12/12/11,12,2011,0.777777778
TAU,259.61,4.9,0.5,7,2,2.3,6.12,15.14,2011,12/13/11,12,2011,0.571428571
DON,461.29,5.2,NA,5,1,2.3,6.12,15.14,2011,12/13/11,12,2011,1
SEA,505.91,4.1,NA,5,1,2.3,6.12,15.14,2011,12/13/11,12,2011,0.5
ORE,244.45,4,0,8,2,2.3,6.12,15.14,2011,12/13/11,12,2011,0.142857143
DUD,214.97,3.3,NA,7,7,2.3,6.07,15.13,2011,12/14/11,12,2011,1
ZOR,298.36,4.7,NA,7,4,2.3,6.07,15.13,2011,12/14/11,12,2011,NA
GON,306.44,2.9,1,8,3,2.3,6.02,15.12,2011,12/15/11,12,2011,1
BAG,314,3.3,NA,10,3,2.3,5.96,15.1,2011,12/16/11,12,2011,0.777777778
ZIL,192.15,4.7,NA,7,4,2.3,5.95,15.09,2011,12/17/11,12,2011,0.666666667
JOK,253.52,2.1,0.5,2,0,2.3,5.88,15.05,2011,12/19/11,12,2011,1
VEX,358.56,4,NA,7,2,2.3,5.88,15.05,2011,12/19/11,12,2011,0.666666667
DIL,768.86,1.1,0,4,2,0.3,5.86,15.04,2011,12/21/11,12,2011,0.5
BAG,179.16,3.3,NA,10,3,0.3,5.86,15.04,2011,12/21/11,12,2011,0.777777778
DAL,278.57,2.6,0.25,4,1,0.3,5.86,15.04,2011,12/21/11,12,2011,0
GOB,258.93,3.7,NA,11,2,0.3,5.86,15.04,2011,12/21/11,12,2011,0
TAU,186.86,4.9,0.5,7,2,0,5.83,15.05,2011,12/22/11,12,2011,0.571428571
ORE,383.06,4,0,8,2,0,5.83,15.05,2011,12/22/11,12,2011,0.142857143
ZOR,272.38,4.7,NA,7,4,0,5.81,15.1,2011,12/23/11,12,2011,NA
MIA,421.22,1.2,0.888888889,8,2,0,5.81,15.1,2011,12/23/11,12,2011,0.857142857
OMA,279.12,1.7,0.375,8,5,0,5.81,15.1,2011,12/23/11,12,2011,0.571428571
DUD,187.92,3.4,NA,7,7,0,5.81,15.1,2011,12/23/11,12,2011,1
ZEN,233.58,4.7,NA,7,4,0,5.99,15.27,2011,12/27/11,12,2011,0.833333333
ORE,411.46,4,0,8,2,0,6.06,15.38,2011,12/29/11,12,2011,0.142857143
TAU,300.7,5,0.5,7,2,0,6.06,15.38,2011,12/29/11,12,2011,0.571428571
TEC,788.29,4.3,NA,8,2,0,6.06,15.38,2011,12/29/11,12,2011,1
BAG,253.12,3.3,NA,10,3,0,6.06,15.38,2011,12/29/11,12,2011,0.777777778
GOB,353.96,3.8,NA,11,2,0,6.06,15.38,2011,12/29/11,12,2011,0
ZOR,245.78,4.8,NA,7,4,0,6.05,15.45,2011,12/30/11,12,2011,NA
VEX,319.01,4.1,NA,7,2,0,6.05,15.45,2011,12/30/11,12,2011,0.666666667
SEA,442.62,4.2,NA,5,1,0,6.05,15.45,2011,12/30/11,12,2011,0.5
TEC,324,4.3,NA,8,2,0,6.16,15.63,2012,1/2/12,1,2012,1
ORE,269.84,4,0,8,2,0,6.16,15.63,2012,1/2/12,1,2012,0.142857143
ZOR,216,4.8,NA,7,3,0,6.15,15.69,2012,1/3/12,1,2012,NA
DOM,178.59,3.1,0.428571429,3,3,0,6.15,15.69,2012,1/3/12,1,2012,1
DUD,264.5,3.4,NA,7,6,0,6.14,15.65,2012,1/4/12,1,2012,1
ZEN,220.77,4.7,NA,7,3,0,6.14,15.65,2012,1/4/12,1,2012,0.833333333
XAV,312.4,3,NA,7,3,0,6.14,15.65,2012,1/4/12,1,2012,0.5
SEA,474.25,4.2,NA,5,1,0,6.14,15.65,2012,1/4/12,1,2012,0.5
ZIL,194.18,4.8,NA,7,3,0,6.14,15.65,2012,1/4/12,1,2012,0.5
CLY,420.9,1.8,0.333333333,2,4,0,6.1,15.69,2012,1/5/12,1,2012,0.571428571
TAU,442.07,5,0.5,7,2,0,6.1,15.69,2012,1/5/12,1,2012,0.571428571
GOB,343.6,3.8,NA,11,2,0,6.1,15.69,2012,1/5/12,1,2012,0
DIL,574.29,1.2,0,4,2,0,6.07,15.65,2012,1/6/12,1,2012,0.5
DON,140.91,5.3,NA,5,1,0,6.07,15.65,2012,1/6/12,1,2012,1
VEX,324.31,4.1,NA,7,2,0,6.07,15.65,2012,1/6/12,1,2012,0.5
MIA,315.93,1.3,0.888888889,8,2,0,6.07,15.65,2012,1/6/12,1,2012,0.857142857
BAG,257.12,3.3,NA,10,3,0,6.07,15.65,2012,1/6/12,1,2012,0.8
CUE,559.01,1.3,1,5,4,0,6.12,15.72,2012,1/7/12,1,2012,1
DON,645.33,5.3,NA,5,1,0,6.19,15.89,2012,1/9/12,1,2012,1
BAG,287.48,3.3,NA,10,3,0,6.19,15.89,2012,1/9/12,1,2012,0.8
TOR,318.33,2.2,0,8,1,0,6.19,15.89,2012,1/9/12,1,2012,0.2
TAU,369.35,5,0.5,7,2,0,6.19,15.89,2012,1/9/12,1,2012,0.571428571
TEC,336.1,4.4,NA,8,2,0,6.19,15.89,2012,1/9/12,1,2012,1
GOB,325.64,3.8,NA,11,2,0,6.19,15.89,2012,1/9/12,1,2012,0
OWE,230.96,2,0.833333333,8,4,0,6.19,15.89,2012,1/9/12,1,2012,0.714285714
OMA,477.92,1.7,0.375,8,5,0,6.24,16.01,2012,1/10/12,1,2012,0.714285714
DOM,195.6,3.1,0.428571429,3,3,0,6.24,16.01,2012,1/10/12,1,2012,1
VEX,337.89,4.1,NA,7,2,0,6.32,16.2,2012,1/12/12,1,2012,0.5
SEA,345.36,4.2,NA,5,1,1.2,6.35,16.24,2012,1/13/12,1,2012,0.5
DON,377.93,5.3,NA,5,1,1.6,6.38,16.2,2012,1/16/12,1,2012,1
ZIL,196.52,4.8,NA,7,3,1.6,6.38,16.2,2012,1/16/12,1,2012,0.5
ZEN,234.53,4.7,NA,7,3,1.6,6.38,16.2,2012,1/16/12,1,2012,0.833333333
ZOR,279.68,4.8,NA,7,3,1.6,6.38,16.2,2012,1/16/12,1,2012,NA
ORE,311.7,4.1,0,8,2,1.6,6.4,16.2,2012,1/17/12,1,2012,0.142857143
GON,193.86,3,1,8,3,1.6,6.4,16.2,2012,1/17/12,1,2012,1
TAU,262.51,5,0.5,7,2,1.6,6.4,16.2,2012,1/17/12,1,2012,0.571428571
TEC,286.09,4.4,NA,8,2,1.6,6.4,16.2,2012,1/17/12,1,2012,1
ZAI,478.65,2.5,0,8,3,1.6,6.42,16.18,2012,1/18/12,1,2012,0.166666667
DUD,303.71,3.4,NA,7,6,1.6,6.42,16.18,2012,1/18/12,1,2012,1
ZOR,303.03,4.8,NA,7,3,1.6,6.42,16.18,2012,1/18/12,1,2012,NA
VEX,333.82,4.1,NA,7,2,1.6,6.42,16.18,2012,1/18/12,1,2012,0.5
DAL,560.13,2.7,0.25,4,1,1.6,6.43,16.17,2012,1/19/12,1,2012,0
SEY,311.01,5.7,NA,8,0,1.6,6.52,16.22,2012,1/23/12,1,2012,0.375
DOM,139.07,3.1,0.428571429,3,3,1.6,6.52,16.22,2012,1/23/12,1,2012,1
TAU,503.11,5,0.5,7,2,1.6,6.51,16.25,2012,1/24/12,1,2012,0.571428571
ORE,565.9,4.1,0,8,2,1.6,6.51,16.25,2012,1/24/12,1,2012,0.142857143
ISA,301.91,1.5,0.5,3,4,1.6,6.51,16.25,2012,1/24/12,1,2012,0.428571429
SEA,264.67,4.3,NA,5,1,1.6,6.51,16.25,2012,1/24/12,1,2012,0.5
DON,442.29,5.4,NA,5,1,1.6,6.52,16.31,2012,1/25/12,1,2012,1
VEX,371.13,4.2,NA,7,2,1.6,6.96,16.53,2012,1/31/12,1,2012,0.5
ORE,439.43,4.1,0,8,2,1.6,6.96,16.53,2012,1/31/12,1,2012,0.142857143
TAU,369.4,5,0.5,7,2,1.6,6.96,16.53,2012,1/31/12,1,2012,0.571428571
TEC,497.83,4.4,NA,8,2,1.6,6.96,16.53,2012,1/31/12,1,2012,1
DON,551.85,5.4,NA,5,1,1.6,6.96,16.53,2012,1/31/12,1,2012,1
MOJ,386.58,3,0,3,3,1.6,6.99,16.56,2012,2/1/12,2,2012,0
DIL,374.48,1.3,0,4,2,1.6,7.05,16.59,2012,2/2/12,2,2012,0.25
OMA,473.61,1.8,0.375,8,5,1.6,7.22,16.75,2012,2/4/12,2,2012,0.714285714
CUE,481.05,1.3,1,5,4,1.6,7.22,16.75,2012,2/4/12,2,2012,1
TEC,374.3,4.4,NA,8,2,1.6,7.39,17.02,2012,2/6/12,2,2012,1
TAU,194.62,5.1,0.5,7,2,1.6,7.39,17.02,2012,2/6/12,2,2012,0.571428571
ORE,351.37,4.1,0,8,2,1.6,7.39,17.02,2012,2/6/12,2,2012,0.142857143
CLY,497.05,1.9,0.333333333,2,3,1.6,7.39,17.02,2012,2/6/12,2,2012,0.571428571
DAL,373.41,2.8,0.25,4,1,1.6,7.48,17.14,2012,2/9/12,2,2012,0
VEX,303.38,4.2,NA,7,2,1.6,7.48,17.14,2012,2/9/12,2,2012,0.5
ISA,429.62,1.6,0.5,3,3,1.6,7.48,17.14,2012,2/9/12,2,2012,0.285714286
MOJ,153.75,3,0,3,3,1.6,7.58,17.3,2012,2/11/12,2,2012,0
SEY,282.81,5.8,NA,8,0,1.6,7.58,17.3,2012,2/11/12,2,2012,0.375
DON,422.84,5.4,NA,5,1,1.6,7.58,17.3,2012,2/11/12,2,2012,1
DOM,153.24,3.2,0.428571429,3,3,1.6,7.58,17.3,2012,2/11/12,2,2012,1
SEA,435.37,4.3,NA,5,1,1.6,7.58,17.3,2012,2/11/12,2,2012,0.25
MOJ,319.2,3,0,3,3,0,7.92,17.93,2012,2/16/12,2,2012,0
DOM,400.67,3.2,0.428571429,3,3,0,7.92,17.93,2012,2/16/12,2,2012,1
GON,322.4,3.1,1,8,3,0,7.92,17.93,2012,2/16/12,2,2012,1
DON,498.34,5.4,NA,5,1,0,7.92,17.93,2012,2/16/12,2,2012,1
SEA,375.75,4.3,NA,5,1,0,7.92,17.93,2012,2/16/12,2,2012,0.25
JOK,453.55,2.2,0.5,2,0,0,8.04,18.14,2012,2/17/12,2,2012,1
TEC,492.54,4.5,NA,8,2,0,8.04,18.14,2012,2/17/12,2,2012,1
TAU,236.67,5.1,0.5,7,2,0,8.04,18.14,2012,2/17/12,2,2012,0.571428571
ERI,285.74,2.1,0,4,3,0,8.04,18.14,2012,2/17/12,2,2012,0
MOJ,372,3,0,3,3,0,8.25,18.52,2012,2/19/12,2,2012,0
SEY,399.52,5.8,NA,8,0,0,8.25,18.52,2012,2/19/12,2,2012,0.375
GON,235.73,3.1,1,8,3,0,8.25,18.52,2012,2/19/12,2,2012,1
DOM,252.99,3.2,0.428571429,3,3,0,8.25,18.52,2012,2/19/12,2,2012,1
MIA,355.55,1.4,0.888888889,8,2,0,8.53,19.11,2012,2/23/12,2,2012,0.857142857
VEX,347.21,4.2,NA,7,2,0,8.58,19.26,2012,2/25/12,2,2012,0.5
ORE,477.6,4.2,0,8,2,0,8.58,19.26,2012,2/25/12,2,2012,0.142857143
SEA,351,4.3,NA,5,1,0,8.58,19.26,2012,2/25/12,2,2012,0.25
DON,445.89,5.4,NA,5,1,0,8.58,19.26,2012,2/25/12,2,2012,1
TEC,442.11,4.5,NA,8,2,0,8.58,19.26,2012,2/25/12,2,2012,1
MOJ,393.42,3.1,0,3,3,0,8.52,19.39,2012,2/27/12,2,2012,0
TEC,393.46,4.5,NA,8,2,0,8.58,19.6,2012,2/29/12,2,2012,1
SEA,417.12,4.4,NA,5,1,0,8.58,19.6,2012,2/29/12,2,2012,0.25
TAU,229.58,5.1,0.5,7,2,0,8.58,19.6,2012,2/29/12,2,2012,0.571428571
VEX,339.37,4.3,NA,7,2,0,8.57,19.84,2012,3/2/12,3,2012,0.5
ORE,285,4.2,0,8,2,0,8.57,19.84,2012,3/2/12,3,2012,0.142857143
DOM,326.58,3.2,0.428571429,3,3,0,8.57,19.84,2012,3/2/12,3,2012,1
SEY,357.57,5.8,NA,8,0,0,8.57,19.84,2012,3/2/12,3,2012,0.375
JOK,499.62,2.3,0.5,2,0,0,8.57,19.84,2012,3/2/12,3,2012,1
OMA,404.07,1.9,0.375,8,5,0,8.59,20,2012,3/3/12,3,2012,0.714285714
MIA,359.65,1.4,0.888888889,8,2,0,8.59,20,2012,3/3/12,3,2012,0.857142857
GON,209.22,3.1,1,8,3,0,8.59,20,2012,3/3/12,3,2012,1
VEX,356.54,4.3,NA,7,2,0,8.68,20.21,2012,3/5/12,3,2012,0.5
DON,318.47,5.5,NA,5,1,0,8.68,20.21,2012,3/5/12,3,2012,1
TEC,337.78,4.5,NA,8,2,0,8.68,20.28,2012,3/6/12,3,2012,1
SEY,283.66,5.8,NA,8,0,0,8.68,20.28,2012,3/6/12,3,2012,0.375
TAU,391.16,5.1,0.5,7,2,0,8.72,20.33,2012,3/8/12,3,2012,0.571428571
CLY,353.71,2,0.333333333,2,4,0,8.73,20.35,2012,3/9/12,3,2012,0.571428571
DAL,420.83,2.8,0.25,4,1,0,8.73,20.35,2012,3/9/12,3,2012,0
ORE,395.14,4.2,0,8,2,0,8.73,20.35,2012,3/9/12,3,2012,0.142857143
MOJ,298.26,3.1,0,3,3,0,8.73,20.35,2012,3/9/12,3,2012,0
CUE,342.26,1.4,1,5,4,0,8.73,20.35,2012,3/9/12,3,2012,1
OWE,326.8,2.2,0.833333333,8,4,0,8.73,20.35,2012,3/9/12,3,2012,0.857142857
TEC,270.84,4.5,NA,8,2,0,8.78,20.44,2012,3/10/12,3,2012,1
VEX,201.79,4.3,NA,7,2,0,8.87,20.69,2012,3/12/12,3,2012,0.5
BAG,193.53,3.5,NA,10,3,0,8.87,20.69,2012,3/12/12,3,2012,0.8
GON,232.35,3.2,1,8,3,0,8.98,20.8,2012,3/14/12,3,2012,1
MOJ,295.23,3.1,0,3,3,0,8.98,20.8,2012,3/14/12,3,2012,0
SEY,317.2,5.9,NA,8,0,0,8.98,20.8,2012,3/14/12,3,2012,0.375
DOM,299.76,3.3,0.428571429,3,3,0,8.98,20.8,2012,3/14/12,3,2012,1
SEA,355.42,4.4,NA,5,1,0,9.03,20.98,2012,3/16/12,3,2012,0.25
VIP,215.52,3.4,NA,8,2,0,9.03,20.98,2012,3/16/12,3,2012,0.166666667
DON,356.27,5.5,NA,5,1,0,9.03,20.98,2012,3/16/12,3,2012,1
TAU,370.03,5.2,0.5,7,2,0,9.03,20.98,2012,3/16/12,3,2012,0.571428571
GON,284.38,3.2,1,8,3,0,9.09,21.26,2012,3/19/12,3,2012,1
ORE,236.91,4.2,0,8,2,0,9.11,21.23,2012,3/20/12,3,2012,0.142857143
SEA,515.75,4.4,NA,5,1,0,9.11,21.3,2012,3/21/12,3,2012,0.25
SEY,355.07,5.9,NA,8,0,0,9.11,21.3,2012,3/21/12,3,2012,0.375
TAU,340.28,5.2,0.5,7,2,0,9.11,21.3,2012,3/21/12,3,2012,0.571428571
SEA,409.55,4.4,NA,5,1,6.1,9.16,21.63,2012,3/30/12,3,2012,0.25
DON,652.6,5.5,NA,5,1,6.1,9.16,21.63,2012,3/30/12,3,2012,1
TEC,621.97,4.6,NA,8,2,6.1,9.16,21.63,2012,3/30/12,3,2012,1
MOJ,419.17,3.2,0,3,3,6.1,9.16,21.63,2012,3/30/12,3,2012,0
TAU,261.6,5.2,0.5,7,2,6.1,9.16,21.63,2012,3/30/12,3,2012,0.571428571
VEX,393.36,4.3,NA,7,2,6.1,9.21,21.69,2012,3/31/12,3,2012,0.5
SEA,302.44,4.5,NA,5,1,6.1,9.07,21.85,2012,4/6/12,4,2012,0.25
DON,568.5,5.6,NA,5,1,6.1,9.06,21.92,2012,4/7/12,4,2012,1
DAL,385.06,2.9,0.25,4,1,6.1,9.06,21.92,2012,4/7/12,4,2012,0
ZEN,327.36,5,NA,7,1,6.1,9,21.92,2012,4/9/12,4,2012,0.833333333
ZOR,362.59,5,NA,7,2,6.1,9,21.92,2012,4/9/12,4,2012,NA
DUD,627.33,3.7,NA,7,4,6.1,8.94,21.81,2012,4/17/12,4,2012,1
ZEN,92.95,5,NA,7,1,6.1,8.94,21.81,2012,4/17/12,4,2012,0.833333333
ZOR,120.15,5,NA,7,2,6.1,8.94,21.81,2012,4/17/12,4,2012,NA
ISA,336.83,1.8,0.5,3,4,6.1,8.97,21.82,2012,4/18/12,4,2012,0.428571429
TEC,485.38,4.6,NA,8,2,6.1,8.97,21.82,2012,4/18/12,4,2012,1
OWE,396.83,2.3,0.833333333,8,4,6.1,8.97,21.82,2012,4/18/12,4,2012,0.714285714
CUE,264.73,1.5,1,5,4,6.1,8.97,21.82,2012,4/18/12,4,2012,1
GON,308.77,3.3,1,8,3,6.1,9.03,21.89,2012,4/19/12,4,2012,1
MOJ,268.44,3.2,0,3,3,6.1,9.03,21.89,2012,4/19/12,4,2012,0
OMA,473.12,2,0.375,8,5,6.1,9.03,21.89,2012,4/19/12,4,2012,0.714285714
SEY,433.02,5.9,NA,8,0,6.1,9.03,21.89,2012,4/19/12,4,2012,0.375
DOM,329.08,3.4,0.428571429,3,3,6.1,9.03,21.89,2012,4/19/12,4,2012,1
GOB,304.98,4.1,NA,11,2,6.1,9.03,21.89,2012,4/19/12,4,2012,0.111111111
DON,551.57,5.6,NA,5,1,6.1,9.12,21.96,2012,4/20/12,4,2012,1
SEA,288.97,4.5,NA,5,1,6.1,9.12,21.96,2012,4/20/12,4,2012,0.25
BAG,249.09,3.6,NA,10,3,0.4,9.34,22.25,2012,4/24/12,4,2012,0.888888889
GOB,246,4.1,NA,11,2,0.4,9.34,22.25,2012,4/24/12,4,2012,0.111111111
MOJ,213.31,3.2,0,3,3,0.4,9.34,22.25,2012,4/24/12,4,2012,0
SEY,284.91,6,NA,8,0,0.4,9.34,22.25,2012,4/24/12,4,2012,0.375
ZOR,251.22,5.1,NA,7,2,0.4,9.31,22.25,2012,4/25/12,4,2012,NA
DUD,269.95,3.7,NA,7,4,0.4,9.31,22.25,2012,4/25/12,4,2012,1
ZIR,88.32,2.4,0.4,8,3,0.4,9.31,22.25,2012,4/25/12,4,2012,0.333333333
XAV,184.54,3.3,NA,7,3,0.4,9.31,22.25,2012,4/25/12,4,2012,0.5
ZAI,132.14,2.7,0,8,3,0.4,9.31,22.25,2012,4/25/12,4,2012,0.166666667
ZEN,276.09,5,NA,7,1,0.4,9.31,22.25,2012,4/25/12,4,2012,0.833333333
DIL,582.82,1.5,0,4,2,0.4,9.31,22.25,2012,4/25/12,4,2012,0.25
TAU,384.17,5.3,0.5,7,2,0.4,9.31,22.3,2012,4/26/12,4,2012,0.571428571
DON,292.82,5.6,NA,5,1,0.4,9.31,22.3,2012,4/26/12,4,2012,1
TEC,224.89,4.6,NA,8,2,0.4,9.31,22.3,2012,4/26/12,4,2012,1
ORE,169.09,4.4,0,8,2,38.5,11.05,22.14,2012,5/15/12,5,2012,0.142857143
TEC,225.16,4.7,NA,8,2,38.5,11.05,22.14,2012,5/15/12,5,2012,1
SEA,292.15,4.6,NA,5,1,38.5,11.05,22.14,2012,5/15/12,5,2012,0.25
DUD,327.39,3.8,NA,7,5,66.3,11.02,21.78,2012,5/26/12,5,2012,1
SEY,604.89,6.1,NA,8,0,68.3,10.98,21.67,2012,5/27/12,5,2012,0.375
GOB,198.48,4.2,NA,11,2,68.3,10.98,21.67,2012,5/27/12,5,2012,0.111111111
BAG,214.61,3.7,NA,10,3,68.3,10.98,21.67,2012,5/27/12,5,2012,1
ZEN,322.9,5.1,NA,7,2,68.3,10.98,21.67,2012,5/27/12,5,2012,0.833333333
DON,715.76,5.7,NA,5,1,68.3,10.98,21.67,2012,5/27/12,5,2012,1
TAU,597.02,5.4,0.5,7,2,68.3,10.98,21.67,2012,5/27/12,5,2012,0.571428571
VEX,556.85,4.5,NA,7,1,107.6,10.74,21.45,2012,5/30/12,5,2012,0.666666667
SEY,528.14,6.1,NA,8,0,137.2,10.7,20.94,2012,6/4/12,6,2012,0.375
BAG,323.64,3.7,NA,10,3,129.8,9.87,20.62,2012,6/8/12,6,2012,1
GOB,332.04,4.2,NA,11,2,129.8,9.87,20.62,2012,6/8/12,6,2012,0.111111111
ZOR,307.83,5.2,NA,7,2,129.8,9.87,20.62,2012,6/8/12,6,2012,NA
DUD,270.32,3.8,NA,7,4,129.8,9.87,20.62,2012,6/8/12,6,2012,1
ZEN,296.18,5.1,NA,7,1,129.8,9.87,20.62,2012,6/8/12,6,2012,0.833333333
SEA,321.92,4.6,NA,5,1,129.8,9.87,20.62,2012,6/8/12,6,2012,0.25
TEC,272.97,4.8,NA,8,2,129.8,9.87,20.62,2012,6/8/12,6,2012,1
DON,362.93,5.7,NA,5,1,129.8,9.87,20.62,2012,6/8/12,6,2012,1
ORE,179.51,4.5,0,8,2,127.4,9.34,19.92,2012,6/15/12,6,2012,0
VEX,450.19,4.5,NA,7,1,183.8,9.22,19.77,2012,6/16/12,6,2012,0.5
TAU,280.68,5.4,0.5,7,2,183.8,9.22,19.77,2012,6/16/12,6,2012,0.333333333
SEY,361.14,6.1,NA,8,0,179.6,9.12,19.49,2012,6/18/12,6,2012,0.375
SEA,418.36,4.7,NA,5,1,184.2,9.06,19.31,2012,6/19/12,6,2012,0.25
DON,489.39,5.8,NA,5,1,184.2,9.06,19.31,2012,6/19/12,6,2012,1
TEC,520.25,4.8,NA,8,2,184.2,9.06,19.31,2012,6/19/12,6,2012,1
VEX,589.26,4.6,NA,7,1,228.3,8.81,18.34,2012,6/25/12,6,2012,0.5
GOB,197.17,4.2,NA,11,2,228.3,8.81,18.34,2012,6/25/12,6,2012,0.111111111
BAG,213.07,3.8,NA,10,3,230.1,8.8,18.27,2012,6/26/12,6,2012,1
ZOR,274.29,5.2,NA,7,2,230.1,8.8,18.27,2012,6/26/12,6,2012,NA
TAU,543.55,5.4,0.5,7,2,283.8,8.66,17.6,2012,6/28/12,6,2012,0.333333333
VEX,633.8,4.6,NA,7,1,366.3,7.99,15.62,2012,7/9/12,7,2012,0.5
TEC,232.72,4.9,NA,8,2,369.1,7.98,15.54,2012,7/10/12,7,2012,1
DON,193.5,5.8,NA,5,1,369.1,7.98,15.54,2012,7/10/12,7,2012,1
ORE,401.83,4.6,0,8,2,373.8,8.03,15.22,2012,7/12/12,7,2012,0
SEY,228,6.2,NA,8,0,378.6,8.02,15.22,2012,7/13/12,7,2012,0.375
SEA,318.35,4.7,NA,5,1,378.6,8.02,15.22,2012,7/13/12,7,2012,0.25
TEC,266.88,4.9,NA,8,2,420.9,8.08,13.99,2012,7/19/12,7,2012,1
SEY,356.68,6.2,NA,8,0,436.4,8.03,13.58,2012,7/21/12,7,2012,0.375
ORE,392.4,4.6,0,8,2,436.4,8.03,13.58,2012,7/21/12,7,2012,0
SEA,273.96,4.7,NA,5,1,436.4,8.03,13.58,2012,7/21/12,7,2012,0.25
DON,859.23,5.9,NA,5,1,511.1,7.84,13.12,2012,7/26/12,7,2012,1
VEX,360,4.7,NA,7,1,511.1,7.84,13.12,2012,7/26/12,7,2012,0.5
GOB,210.77,4.3,NA,11,2,508.6,7.87,13.18,2012,7/31/12,7,2012,0.111111111
BAG,176.36,3.9,NA,10,3,508.6,7.87,13.18,2012,7/31/12,7,2012,1
ORE,291.09,4.6,0,8,1,578.6,7.89,13.2,2012,8/1/12,8,2012,0
DON,334.08,5.9,NA,4,1,598.4,7.93,13.57,2012,8/6/12,8,2012,1
SEA,277.98,4.8,NA,5,1,598.4,7.93,13.57,2012,8/6/12,8,2012,0.333333333
GOB,207.86,4.4,NA,11,2,623.6,7.97,13.77,2012,8/7/12,8,2012,0
BAG,293.12,3.9,NA,10,3,623.6,7.97,13.77,2012,8/7/12,8,2012,1
VEX,346.78,4.7,NA,7,1,631.6,7.94,13.73,2012,8/8/12,8,2012,0.5
ZEN,371.1,5.3,NA,7,2,634.4,7.78,13.72,2012,8/15/12,8,2012,0.833333333
ZOR,370.89,5.4,NA,7,2,634.4,7.78,13.72,2012,8/15/12,8,2012,NA
DUD,350.14,4,NA,7,5,634.4,7.78,13.72,2012,8/15/12,8,2012,1
ORE,402.3,4.7,0,8,1,556.4,7.69,13.86,2012,8/20/12,8,2012,0
TEC,328.46,5,NA,8,1,556.4,7.69,13.86,2012,8/20/12,8,2012,1
BAG,420,3.9,NA,10,3,520.7,7.73,13.88,2012,8/21/12,8,2012,1
GOB,510.1,4.4,NA,11,2,520.7,7.73,13.88,2012,8/21/12,8,2012,0
SEA,474.57,4.8,NA,5,1,595.9,7.71,13.88,2012,8/22/12,8,2012,0.333333333
DON,621.3,5.9,NA,4,1,537.4,7.65,13.9,2012,8/24/12,8,2012,1
TEC,450.36,5,NA,8,1,462.7,7.7,14.14,2012,8/28/12,8,2012,1
ORE,490.84,4.7,0,8,1,462.7,7.7,14.14,2012,8/28/12,8,2012,0
DUD,485.3,4.1,NA,7,5,447.2,7.73,14.09,2012,8/29/12,8,2012,1
ZOR,412.21,5.4,NA,7,2,447.2,7.73,14.09,2012,8/29/12,8,2012,NA
ZEN,1039.15,5.4,NA,7,2,447.2,7.73,14.09,2012,8/29/12,8,2012,0.833333333
SEY,610.67,6.3,NA,8,0,447.2,7.79,14.15,2012,8/30/12,8,2012,0.375
DON,686.33,6,NA,4,1,359.4,7.97,14.24,2012,9/4/12,9,2012,1
SEA,547.71,4.9,NA,5,1,359.4,7.97,14.24,2012,9/4/12,9,2012,0.333333333
SEY,465.76,6.3,NA,8,0,358.9,8,14.03,2012,9/5/12,9,2012,0.375
BAG,388.53,4,NA,10,3,358.9,8,14.03,2012,9/5/12,9,2012,1
GOB,284.95,4.4,NA,11,2,358.9,8,14.03,2012,9/5/12,9,2012,0
VEX,498.71,4.8,NA,7,1,334.2,8.22,13.68,2012,9/9/12,9,2012,0.571428571
ORE,453,4.7,0,8,1,294.7,8.3,13.81,2012,9/10/12,9,2012,0
TEC,385.96,5,NA,8,1,305,8.52,13.88,2012,9/13/12,9,2012,1
ZOR,476.96,5.5,NA,7,2,294.2,8.65,13.94,2012,9/14/12,9,2012,NA
DUD,472.24,4.1,NA,7,4,294.2,8.65,13.94,2012,9/14/12,9,2012,1
ZEN,878.45,5.4,NA,7,1,294.2,8.65,13.94,2012,9/14/12,9,2012,0.833333333
SEA,570.08,4.9,NA,5,1,331.6,9.08,14.15,2012,9/19/12,9,2012,0.333333333
DON,566.34,6,NA,4,1,331.6,9.08,14.15,2012,9/19/12,9,2012,1
ZOR,286.19,5.5,NA,7,2,330.8,9.26,14.13,2012,9/20/12,9,2012,NA
DUD,351.33,4.1,NA,7,4,330.8,9.26,14.13,2012,9/20/12,9,2012,1
TEC,444.39,5.1,NA,8,1,192.2,9.38,14.8,2012,9/28/12,9,2012,1
ORE,345.7,4.8,0,8,1,192.2,9.38,14.8,2012,9/28/12,9,2012,0
VEX,450.35,4.8,NA,7,1,191.1,9.15,14.86,2012,10/1/12,10,2012,0.571428571
ZEN,655.31,5.4,NA,7,2,185.9,9.06,14.94,2012,10/2/12,10,2012,0.833333333
ZOR,358.84,5.5,NA,7,2,185.9,9.06,14.94,2012,10/2/12,10,2012,NA
SEY,317.3,6.4,NA,8,0,185.9,9.06,14.94,2012,10/2/12,10,2012,0.375
DON,528.55,6.1,NA,4,1,169.4,9.02,15.13,2012,10/3/12,10,2012,1
SEA,484.21,4.9,NA,5,1,168.8,8.96,15.14,2012,10/4/12,10,2012,0.333333333
TEC,381.36,5.1,NA,8,1,126.8,8.83,15.88,2012,10/8/12,10,2012,1
VEX,524.9,4.9,NA,7,1,120.8,8.76,16.03,2012,10/9/12,10,2012,0.571428571
VEX,824,4.8,NA,7,1,255.2,9.25,14.65,2012,9/25/12,9,2012,0.571428571
BAG,206.43,4,NA,10,3,255.2,9.25,14.65,2012,9/25/12,9,2012,1
SEY,263.48,6.4,NA,8,0,120.8,8.76,16.03,2012,10/9/12,10,2012,0.375
ORE,358.54,4.8,0,8,1,116.8,8.66,16.13,2012,10/10/12,10,2012,0
ZEN,298.6,5.5,NA,7,2,106.8,8.57,16.17,2012,10/11/12,10,2012,0.833333333
DUD,332.07,4.2,NA,7,5,106.8,8.57,16.17,2012,10/11/12,10,2012,1
ZOR,271.67,5.5,NA,7,2,106.8,8.57,16.17,2012,10/11/12,10,2012,NA
DON,516.86,6.1,NA,4,1,94.1,8.15,16.39,2012,10/14/12,10,2012,1
BAG,307.83,4.1,NA,10,3,94.1,7.94,16.41,2012,10/17/12,10,2012,1
SEA,394.78,5,NA,5,1,44.1,7.74,16.45,2012,10/18/12,10,2012,0.333333333
TEC,477,5.1,NA,8,1,30,7.42,16.78,2012,10/23/12,10,2012,1
GOB,228.29,4.6,NA,11,2,42.3,7.47,16.78,2012,10/31/12,10,2012,0
SEA,514.97,5,NA,5,1,50.1,7.29,16.43,2012,11/4/12,11,2012,0.333333333
ZEN,597.23,5.5,NA,7,1,50.1,7.26,16.36,2012,11/5/12,11,2012,0.833333333
ZOR,329.12,5.6,NA,7,2,50.1,7.26,16.36,2012,11/5/12,11,2012,NA
DUD,387.04,4.2,NA,7,4,50.1,7.26,16.36,2012,11/5/12,11,2012,1
SEY,305.01,6.5,NA,8,0,50.1,7.26,16.36,2012,11/5/12,11,2012,0.375
DON,509.52,6.1,NA,4,1,50.1,7.26,16.36,2012,11/5/12,11,2012,1
VEX,245.85,4.9,NA,7,1,64.6,7.21,16.29,2012,11/6/12,11,2012,0.571428571
TEC,350.97,5.2,NA,8,1,65.4,7.22,16.2,2012,11/7/12,11,2012,1
ORE,326.53,4.9,0,8,1,80.1,7.17,16.1,2012,11/9/12,11,2012,0
ZOR,454.98,5.6,NA,7,2,79.6,7.51,15.78,2012,11/20/12,11,2012,NA
ZEN,374.4,5.6,NA,7,1,79.6,7.51,15.78,2012,11/20/12,11,2012,0.833333333
DUD,327.82,4.3,NA,7,4,79.6,7.51,15.78,2012,11/20/12,11,2012,1
VEX,459.24,5,NA,7,1,79.6,7.46,15.73,2012,11/21/12,11,2012,0.571428571
SEA,499.59,5.1,NA,5,1,79.6,7.46,15.73,2012,11/21/12,11,2012,0.333333333
TEC,389.33,5.2,NA,8,1,78.8,7.42,15.7,2012,11/22/12,11,2012,1
DON,571.73,6.2,NA,4,1,78.8,7.42,15.7,2012,11/22/12,11,2012,1
ORE,406.94,4.9,0,8,1,78.8,7.34,15.58,2012,11/24/12,11,2012,0
SEY,316.45,6.5,NA,8,0,78.8,7.34,15.58,2012,11/24/12,11,2012,0.375
GOB,299.35,4.7,NA,11,2,79.8,7.31,15.56,2012,11/26/12,11,2012,0
BAG,301.48,4.2,NA,10,3,79.8,7.31,15.56,2012,11/26/12,11,2012,0.777777778
TEC,253.96,5.3,NA,8,1,36.4,7.32,15.59,2012,12/5/12,12,2012,1
DON,494.18,6.2,NA,4,1,36.4,7.32,15.59,2012,12/5/12,12,2012,1
ORE,333.03,5,0,8,1,21.1,7.34,15.67,2012,12/7/12,12,2012,0
ZOR,283.56,5.7,NA,7,2,7.4,7.36,15.65,2012,12/8/12,12,2012,NA
ZEN,328.48,5.6,NA,7,2,7.4,7.36,15.65,2012,12/8/12,12,2012,0.833333333
SEY,503.02,6.6,NA,8,0,6.4,7.37,15.58,2012,12/10/12,12,2012,0.375
VEX,470.67,5,NA,7,1,6.4,7.31,15.56,2012,12/11/12,12,2012,0.571428571
BAG,319.62,4.3,NA,10,3,6.4,7.31,15.56,2012,12/11/12,12,2012,0.666666667
GOB,339.4,4.7,NA,11,2,6.4,7.31,15.56,2012,12/11/12,12,2012,0
SEA,755.78,5.1,NA,5,1,6.4,7.26,15.59,2012,12/12/12,12,2012,0.333333333
DUD,313.29,4.3,NA,7,5,6.4,7.09,15.55,2012,12/15/12,12,2012,1
DON,658.27,6.3,NA,4,1,6.9,6.92,15.61,2012,12/19/12,12,2012,1
TEC,655.47,5.3,NA,8,1,6.9,6.89,15.6,2012,12/20/12,12,2012,1
ORE,680.36,5,0,8,1,7.7,6.85,15.53,2012,12/22/12,12,2012,0
ZEN,390.05,5.7,NA,7,2,7.7,6.85,15.53,2012,12/22/12,12,2012,0.833333333
ZOR,371.55,5.7,NA,7,2,7.7,6.85,15.53,2012,12/22/12,12,2012,NA
SEY,588.76,6.6,NA,8,0,7.7,6.81,15.63,2012,12/24/12,12,2012,0.375
SEA,669.94,5.2,NA,5,1,6.7,6.72,15.59,2012,12/26/12,12,2012,0.333333333
VEX,535.06,5.1,NA,7,1,6.7,6.72,15.59,2012,12/26/12,12,2012,0.571428571
DUD,354.09,4.4,NA,7,5,2.3,6.63,15.55,2012,12/28/12,12,2012,1
TEC,504.75,5.3,NA,8,1,1.3,6.49,15.48,2013,1/3/13,1,2013,1
ORE,416.41,5,0,8,1,1.3,6.49,15.48,2013,1/3/13,1,2013,0
VEX,444.73,5.1,NA,7,1,1.3,6.4,15.64,2013,1/10/13,1,2013,0.571428571
SEA,751.96,5.2,NA,5,1,1.3,6.4,15.64,2013,1/10/13,1,2013,0.333333333
SEY,324.35,6.7,NA,8,0,1.3,6.4,15.64,2013,1/10/13,1,2013,0.375
DON,716.22,6.3,NA,4,1,1.3,6.48,15.67,2013,1/12/13,1,2013,1
VEX,697.09,5.1,NA,7,1,0,6.96,16.18,2013,1/24/13,1,2013,0.571428571
ORE,715.58,5.1,0,8,1,0,6.96,16.18,2013,1/24/13,1,2013,0
SEA,1175.32,5.3,NA,5,1,0,6.96,16.18,2013,1/24/13,1,2013,0.333333333
TEC,923.21,5.4,NA,8,1,0,6.96,16.18,2013,1/24/13,1,2013,1
DON,1426.27,6.4,NA,4,1,0,7.05,16.25,2013,1/25/13,1,2013,1
DON,642.07,6.4,NA,4,1,0,7.6,17.01,2013,2/1/13,2,2013,1
SEA,678.13,5.3,NA,5,1,0,7.6,17.01,2013,2/1/13,2,2013,0.333333333
ORE,400.93,5.1,0,8,1,0,7.64,17.1,2013,2/2/13,2,2013,0
TEC,334.94,5.4,NA,8,1,0,8,17.4,2013,2/6/13,2,2013,1
VEX,327.81,5.2,NA,7,1,0,8.18,17.59,2013,2/8/13,2,2013,0.571428571
ORE,351.13,5.2,0,8,1,0,8.8,18.69,2013,2/19/13,2,2013,0
SEA,428.31,5.3,NA,5,1,0,8.8,18.69,2013,2/19/13,2,2013,0.333333333
VEX,375.19,5.2,NA,7,1,0,9.02,19.3,2013,2/26/13,2,2013,0.571428571
TEC,478.15,5.5,NA,8,1,0,9.02,19.3,2013,2/26/13,2,2013,1
TEC,257.41,5.5,NA,8,1,10.6,9.64,20.74,2013,3/11/13,3,2013,1
VEX,346.18,5.3,NA,7,1,10.6,9.64,20.74,2013,3/11/13,3,2013,0.571428571
SEA,1642.15,5.4,NA,5,1,10.6,9.64,20.74,2013,3/11/13,3,2013,0.333333333
ORE,663.23,5.2,0,8,1,16.2,9.57,20.96,2013,3/14/13,3,2013,0
DON,1110.07,6.5,NA,4,1,16.2,9.74,21.09,2013,3/17/13,3,2013,1
DON,379.69,6.5,NA,4,1,16.2,9.23,21.59,2013,4/1/13,4,2013,1
ISA,262.98,2.8,0.5,3,3,11.1,9.12,21.92,2013,4/9/13,4,2013,0.666666667
CUE,297.26,2.5,1,5,3,11.1,9.12,21.92,2013,4/9/13,4,2013,1
TEC,463.64,5.6,NA,8,1,11.1,9.12,21.92,2013,4/9/13,4,2013,1
VLA,726.11,0.8,0.333333333,7,3,11.1,9.12,22.05,2013,4/10/13,4,2013,0.571428571
MIA,242.54,2.5,0.888888889,8,1,11.1,9.12,22.05,2013,4/10/13,4,2013,0.9
ORE,484.75,5.3,0,8,1,11.1,9.12,22.05,2013,4/10/13,4,2013,0
DUD,556.74,4.7,NA,7,4,11.1,9.12,22.05,2013,4/10/13,4,2013,1
ZOR,362.51,6,NA,8,2,11.1,9.12,22.05,2013,4/10/13,4,2013,NA
ZIR,263.11,3.4,0.4,8,3,11.1,9.12,22.05,2013,4/10/13,4,2013,0.571428571
XAV,267.9,4.3,NA,7,3,11.1,9.12,22.05,2013,4/10/13,4,2013,0.714285714
TOR,361.95,3.4,0,8,1,11.1,9.12,22.05,2013,4/10/13,4,2013,0.111111111
ZEN,425.86,6,NA,7,1,11.1,9.12,22.05,2013,4/10/13,4,2013,0.857142857
BAG,301.71,4.6,NA,10,2,11.1,9.12,22.05,2013,4/10/13,4,2013,0.555555556
GOB,328.62,5,NA,11,1,11.1,9.12,22.05,2013,4/10/13,4,2013,0
OMA,626.69,3,0.375,8,4,6.3,9.17,22.16,2013,4/11/13,4,2013,0.8
SEA,647.3,5.5,NA,5,1,6.3,9.17,22.16,2013,4/11/13,4,2013,0.333333333
VEX,557.73,5.4,NA,7,1,6.3,9.17,22.16,2013,4/11/13,4,2013,0.428571429
DAL,367.79,3.9,0.25,4,1,6.3,9.17,22.16,2013,4/11/13,4,2013,0
ZAI,267.03,3.7,0,8,3,6.3,9.17,22.16,2013,4/11/13,4,2013,0.142857143
DOO,205.34,1.6,1,8,2,6.3,9.17,22.16,2013,4/11/13,4,2013,1
DIL,458.71,2.5,0,4,2,5.5,9.19,22.25,2013,4/12/13,4,2013,0.333333333
DOP,896.43,1.5,1,7,1,5.5,9.19,22.25,2013,4/12/13,4,2013,1
ERI,447.22,3.3,0,4,3,26.5,9.05,22.47,2013,4/17/13,4,2013,0
JOK,298.81,3.4,0.5,2,0,26.5,9.05,22.47,2013,4/17/13,4,2013,1
GOB,375.21,5.1,NA,11,1,35.2,9.36,22.55,2013,4/24/13,4,2013,0
TOR,382.05,3.4,0,8,1,35.2,9.36,22.55,2013,4/24/13,4,2013,0.111111111
BAG,395.31,4.6,NA,10,2,35.2,9.36,22.55,2013,4/24/13,4,2013,0.555555556
NEP,690.09,1.1,NA,5,2,35.2,9.43,22.6,2013,4/25/13,4,2013,0
DAL,381.39,4,0.25,4,1,35.2,9.43,22.6,2013,4/25/13,4,2013,0
OMA,364.98,3,0.375,8,4,35.2,9.43,22.6,2013,4/25/13,4,2013,0.8
MIA,477.1,2.6,0.888888889,8,1,35.2,9.43,22.6,2013,4/25/13,4,2013,0.9
ORE,472.28,5.3,0,8,1,35.2,9.5,22.67,2013,4/26/13,4,2013,0
CLY,461.31,3.2,0.333333333,2,3,35.2,9.5,22.67,2013,4/26/13,4,2013,0.5
VEX,587.39,5.4,NA,7,1,35.2,9.5,22.67,2013,4/26/13,4,2013,0.428571429
ERI,643.2,3.3,0,4,3,35.2,9.79,22.74,2013,4/30/13,4,2013,0
XAV,607.84,4.3,NA,7,3,35.2,9.79,22.74,2013,4/30/13,4,2013,0.714285714
ZEN,574.18,6,NA,7,1,35.2,9.79,22.74,2013,4/30/13,4,2013,0.857142857
JOK,389.6,3.4,0.5,2,0,35.2,9.79,22.74,2013,4/30/13,4,2013,1
DOP,527.49,1.6,1,7,1,35.2,9.79,22.74,2013,4/30/13,4,2013,1
SEA,390.96,5.5,NA,5,1,35.2,9.79,22.74,2013,4/30/13,4,2013,0.333333333
ZAI,338.75,3.8,0,8,3,35.2,9.79,22.74,2013,4/30/13,4,2013,0.142857143
DIL,366.56,2.5,0,4,2,35.2,9.8,22.73,2013,5/1/13,5,2013,0.333333333
CUE,326.52,2.6,1,5,3,35.2,9.8,22.73,2013,5/1/13,5,2013,1
VEX,646,5.4,NA,7,1,35.2,9.8,22.73,2013,5/1/13,5,2013,0.333333333
ZAI,242.43,3.8,0,8,3,35.2,9.88,22.67,2013,5/2/13,5,2013,0.142857143
DON,688.04,6.6,NA,4,1,35.2,9.92,22.65,2013,5/3/13,5,2013,1
ZOR,250.46,6.1,NA,8,2,32.5,9.9,22.66,2013,5/6/13,5,2013,NA
ISA,359.31,2.8,0.5,3,3,32.5,9.89,22.63,2013,5/7/13,5,2013,0.666666667
BAG,374.91,4.7,NA,10,2,32.5,9.96,22.64,2013,5/8/13,5,2013,0.555555556
GOB,229.57,5.1,NA,11,1,32.5,9.96,22.64,2013,5/8/13,5,2013,0
TOR,262.81,3.5,0,8,1,32.5,9.96,22.64,2013,5/8/13,5,2013,0.111111111
ZIR,247.26,3.5,0.4,8,3,32.5,9.96,22.64,2013,5/8/13,5,2013,0.571428571
CLY,273.12,3.2,0.333333333,2,3,32.5,9.98,22.65,2013,5/9/13,5,2013,0.5
DAL,158.57,4,0.25,4,1,32.5,9.98,22.65,2013,5/9/13,5,2013,0
ORE,209.87,5.4,0,8,1,32.5,9.98,22.65,2013,5/9/13,5,2013,0
MIA,378.43,2.6,0.888888889,8,1,33.6,10.1,22.62,2013,5/10/13,5,2013,0.857142857
OMA,204.55,3.1,0.375,8,4,33.6,10.1,22.62,2013,5/10/13,5,2013,0.714285714
SEA,293.56,5.6,NA,5,1,56,10.04,22.27,2013,5/14/13,5,2013,0.333333333
JOK,229.76,3.5,0.5,2,0,56,10.04,22.27,2013,5/14/13,5,2013,1
TEC,410.33,5.7,NA,8,1,57.7,10.04,22.12,2013,5/15/13,5,2013,1
DIL,252.67,2.5,0,4,2,57.7,10.04,22.12,2013,5/15/13,5,2013,0.333333333
VEX,284.53,5.5,NA,7,1,57.7,10.04,22.12,2013,5/15/13,5,2013,0.333333333
DON,646.35,6.7,NA,4,1,52.2,10.05,22.05,2013,5/16/13,5,2013,1
ERI,277.54,3.3,0,4,3,52.2,10.05,22.05,2013,5/16/13,5,2013,0
ZEN,333.55,6.1,NA,7,2,52.2,10.05,22.05,2013,5/16/13,5,2013,0.857142857
XAV,229.11,4.4,NA,7,3,52.2,10.05,22.05,2013,5/16/13,5,2013,0.714285714
DUD,249.81,4.8,NA,7,5,52.2,10.05,22.05,2013,5/16/13,5,2013,1
CUE,167.82,2.6,1,5,3,52.2,10.05,22.05,2013,5/16/13,5,2013,1
ZAI,283.38,3.8,0,8,3,52.2,10.05,22.05,2013,5/16/13,5,2013,0.142857143
DOM,245.79,4.4,0.428571429,3,3,37,10.2,22.26,2013,5/18/13,5,2013,0
MOJ,337.07,4.3,0,3,3,37,10.2,22.26,2013,5/18/13,5,2013,0.5
DOP,403.55,1.6,1,7,1,37,10.2,22.26,2013,5/18/13,5,2013,1
ZOR,358.86,6.1,NA,8,2,58.9,10.15,22.17,2013,5/20/13,5,2013,NA
ISA,165.29,2.9,0.5,3,3,59.6,10.1,21.96,2013,5/21/13,5,2013,0.666666667
ORE,343.07,5.4,0,8,1,80.3,9.98,21.74,2013,5/23/13,5,2013,0
DAL,155.13,4.1,0.25,4,1,80.3,9.98,21.74,2013,5/23/13,5,2013,0
BAG,165.35,4.7,NA,10,2,80.3,9.98,21.74,2013,5/23/13,5,2013,0.555555556
TOR,210.15,3.5,0,8,1,80.3,9.98,21.74,2013,5/23/13,5,2013,0.111111111
GOB,156.94,5.1,NA,11,1,80.3,9.98,21.74,2013,5/23/13,5,2013,0
MIA,250.74,2.7,0.888888889,8,1,82.1,9.94,21.57,2013,5/24/13,5,2013,0.857142857
ZIR,271.9,3.5,0.4,8,3,82.1,9.94,21.57,2013,5/24/13,5,2013,0.571428571
XAV,301.63,4.4,NA,7,3,82.1,9.94,21.57,2013,5/24/13,5,2013,0.714285714
OMA,392.34,3.1,0.375,8,4,82.1,9.94,21.57,2013,5/24/13,5,2013,0.714285714
SEA,786.96,5.6,NA,5,1,94.8,9.87,21.2,2013,5/27/13,5,2013,0.333333333
JOK,1206.71,3.5,0.5,2,0,94.8,9.92,21.21,2013,5/28/13,5,2013,1
ERI,374.4,3.4,0,4,3,94.8,9.92,21.21,2013,5/28/13,5,2013,0
DOM,246.29,4.5,0.428571429,3,3,94.8,9.92,21.21,2013,5/28/13,5,2013,0
VEX,526.45,5.5,NA,7,1,94.8,9.88,21.23,2013,5/29/13,5,2013,0.333333333
DUD,401.75,4.8,NA,7,5,97.3,9.91,21.15,2013,5/31/13,5,2013,1
OMA,253.76,3.1,0.375,8,4,100.1,9.86,21.08,2013,6/4/13,6,2013,0.625
ZEN,401.29,6.1,NA,7,1,100.1,9.86,21.08,2013,6/4/13,6,2013,0.857142857
DOP,552.6,1.7,1,7,1,100.1,9.86,21.08,2013,6/4/13,6,2013,1
DIL,479.84,2.6,0,4,2,99.1,9.86,20.94,2013,6/5/13,6,2013,0.333333333
ZOR,277.5,6.2,NA,8,2,99.1,9.86,20.94,2013,6/5/13,6,2013,NA
TOR,187.83,3.6,0,8,1,99.1,9.86,20.94,2013,6/5/13,6,2013,0
NEP,384.91,1.2,NA,5,3,99.4,9.82,20.71,2013,6/6/13,6,2013,0
GOB,338.29,5.2,NA,11,1,99.4,9.82,20.71,2013,6/6/13,6,2013,0.111111111
ORE,231.09,5.5,0,8,1,99.4,9.82,20.71,2013,6/6/13,6,2013,0
TEC,271.73,5.8,NA,8,1,99.4,9.82,20.71,2013,6/6/13,6,2013,1
CLY,271.35,3.3,0.333333333,2,3,99.4,9.82,20.71,2013,6/6/13,6,2013,0.5
ISA,305.58,2.9,0.5,3,3,101.4,9.72,20.41,2013,6/7/13,6,2013,0.666666667
CUE,207.95,2.7,1,5,3,101.4,9.72,20.41,2013,6/7/13,6,2013,1
ZOR,472.32,6.2,NA,8,2,102.4,9.71,20.24,2013,6/8/13,6,2013,NA
XAV,314.55,4.4,NA,7,3,102.4,9.71,20.24,2013,6/8/13,6,2013,0.714285714
DAL,236.46,4.1,0.25,4,1,102.4,9.71,20.24,2013,6/8/13,6,2013,0
MIA,206.57,2.7,0.888888889,8,1,108.5,9.57,19.89,2013,6/10/13,6,2013,0.875
GON,263.62,4.4,1,8,3,108.5,9.57,19.89,2013,6/10/13,6,2013,1
SEA,731.29,5.6,NA,5,1,104.3,9.52,19.77,2013,6/11/13,6,2013,0.333333333
DON,769.89,6.7,NA,4,1,104.3,9.52,19.77,2013,6/11/13,6,2013,1
ZEN,255.3,6.1,NA,7,1,113.3,9.52,19.64,2013,6/12/13,6,2013,0.857142857
XAV,332.83,4.4,NA,7,3,113.3,9.52,19.64,2013,6/12/13,6,2013,0.714285714
ZIR,247.2,3.6,0.4,8,3,113.3,9.52,19.64,2013,6/12/13,6,2013,0.571428571
ZAI,129.09,3.9,0,8,3,113.3,9.52,19.64,2013,6/12/13,6,2013,0.142857143
DAL,244.8,4.1,0.25,4,1,193.1,9.41,19.34,2013,6/14/13,6,2013,0
BAG,257,4.8,NA,10,2,193.1,9.41,19.34,2013,6/14/13,6,2013,0.555555556
DUD,350.46,4.8,NA,7,4,193.1,9.41,19.34,2013,6/14/13,6,2013,1
VEX,402,5.5,NA,7,1,194.9,9.34,19.17,2013,6/15/13,6,2013,0.333333333
TOA,209.81,1.5,0.833333333,7,3,193.8,9.15,18.68,2013,6/17/13,6,2013,0.833333333
CUE,201.45,2.7,1,5,3,193.8,9.15,18.68,2013,6/17/13,6,2013,1
DIL,307.53,2.6,0,4,2,193.1,9.15,18.44,2013,6/19/13,6,2013,0.333333333
DOP,480.11,1.7,1,7,1,193.1,9.15,18.44,2013,6/19/13,6,2013,1
ISA,190.88,2.9,0.5,3,3,193.1,9.15,18.44,2013,6/19/13,6,2013,0.666666667
NEP,410.8,1.2,NA,5,3,220.6,9.08,18.1,2013,6/22/13,6,2013,0
JAC,235.55,1.7,NA,5,2,220.6,9.08,18.1,2013,6/22/13,6,2013,0.666666667
GON,254.81,4.5,1,8,3,238.8,9,17.91,2013,6/23/13,6,2013,1
MIA,166.2,2.7,0.888888889,8,1,238.8,9,17.91,2013,6/23/13,6,2013,0.875
SEA,526.79,5.7,NA,5,1,238.8,9,17.91,2013,6/23/13,6,2013,0.333333333
DON,338.83,6.8,NA,4,1,238.8,9,17.91,2013,6/23/13,6,2013,1
TEC,408,5.8,NA,8,1,239.1,8.92,17.73,2013,6/24/13,6,2013,1
ZOR,234.19,6.2,NA,8,2,239.1,8.92,17.73,2013,6/24/13,6,2013,NA
HOR,644.74,2,0.75,9,1,239.1,8.92,17.73,2013,6/24/13,6,2013,0.777777778
TOR,173.02,3.6,0,8,1,239.1,8.92,17.73,2013,6/24/13,6,2013,0
VIM,643.8,1.4,0.166666667,7,3,235.1,8.88,17.55,2013,6/25/13,6,2013,0.285714286
ZIR,265.78,3.6,0.4,8,3,235.1,8.88,17.55,2013,6/25/13,6,2013,0.571428571
VEX,282.74,5.6,NA,7,1,235.1,8.88,17.55,2013,6/25/13,6,2013,0.333333333
GIZ,236.54,1.3,0.5,7,3,235.1,8.88,17.55,2013,6/25/13,6,2013,0.333333333
XAV,157.37,4.5,NA,7,3,235.1,8.88,17.55,2013,6/25/13,6,2013,0.714285714
VLA,694.65,1,0.333333333,7,3,258.8,8.69,17.36,2013,6/27/13,6,2013,0.5
ORE,315.75,5.5,0,8,1,258.8,8.69,17.36,2013,6/27/13,6,2013,0
OMA,252.12,3.2,0.375,8,4,300.3,8.51,16.85,2013,6/29/13,6,2013,0.625
ZEN,415.39,6.2,NA,7,1,325.3,8.5,16.81,2013,6/30/13,6,2013,0.857142857
GOB,279.55,5.3,NA,11,1,325.3,8.5,16.81,2013,6/30/13,6,2013,0.111111111
JAR,277.98,1.1,0,2,0,350.8,8.44,16.57,2013,7/2/13,7,2013,0
ERI,476.26,3.5,0,4,3,348,8.48,16.4,2013,7/3/13,7,2013,0
ISA,155.36,3,0.5,3,3,348,8.48,16.4,2013,7/3/13,7,2013,0.666666667
JOK,176.4,3.6,0.5,2,0,455.9,8.4,15.76,2013,7/6/13,7,2013,1
DOP,293.84,1.8,1,7,1,455.9,8.4,15.76,2013,7/6/13,7,2013,1
ZAI,522.59,3.9,0,8,3,481.7,8.3,15.52,2013,7/8/13,7,2013,0.142857143
DON,725.76,6.8,NA,4,1,593.2,8.19,15.24,2013,7/10/13,7,2013,1
TOA,261.93,1.6,0.833333333,7,3,593.2,8.19,15.24,2013,7/10/13,7,2013,0.833333333
ZOR,305.23,6.3,NA,8,2,593.2,8.19,15.24,2013,7/10/13,7,2013,NA
XAV,294.45,4.5,NA,7,3,593.2,8.19,15.24,2013,7/10/13,7,2013,0.714285714
BAG,340.97,4.8,NA,10,2,593.2,8.19,15.24,2013,7/10/13,7,2013,0.5
ZIR,134.45,3.6,0.4,8,3,593.2,8.19,15.24,2013,7/10/13,7,2013,0.571428571
JAC,473.58,1.7,NA,5,2,593.2,8.19,15.24,2013,7/10/13,7,2013,0.666666667
VIM,399.63,1.5,0.166666667,7,4,593.2,8.19,15.24,2013,7/10/13,7,2013,0.285714286
NEP,483.67,1.3,NA,5,3,593.2,8.19,15.24,2013,7/10/13,7,2013,0
DOO,295.47,1.8,1,8,2,593.2,8.19,15.24,2013,7/10/13,7,2013,1
DIL,221.71,2.7,0,4,2,593.2,8.19,15.24,2013,7/10/13,7,2013,0.333333333
DUD,625.41,4.9,NA,7,5,737.3,8.09,15.01,2013,7/12/13,7,2013,1
GON,144.53,4.5,1,8,3,737.3,8.09,15.01,2013,7/12/13,7,2013,1
MIA,128.87,2.8,0.888888889,8,1,737.3,8.09,15.01,2013,7/12/13,7,2013,0.875
DAL,306.87,4.2,0.25,4,1,737.3,8.09,15.01,2013,7/12/13,7,2013,0
ZEN,418.55,6.2,NA,7,2,737.3,8.09,15.01,2013,7/12/13,7,2013,0.857142857
HOR,380.4,2,0.75,9,1,737.3,8.09,15.01,2013,7/12/13,7,2013,0.75
TOR,269.6,3.7,0,8,1,737.3,8.09,15.01,2013,7/12/13,7,2013,0
SEA,873.45,5.7,NA,5,1,1097,8,13.6,2013,7/23/13,7,2013,0.333333333
GIZ,396,1.4,0.5,7,4,1135.5,8.03,13.46,2013,7/24/13,7,2013,0.333333333
VEX,200.32,5.6,NA,7,1,1135.5,8.03,13.46,2013,7/24/13,7,2013,0.333333333
VLA,369.48,1.1,0.333333333,7,4,1140,8.01,13.36,2013,7/25/13,7,2013,0.5
GOB,322.03,5.3,NA,11,1,1140,8.01,13.36,2013,7/25/13,7,2013,0.111111111
ORE,385.18,5.6,0,8,1,1140,8.01,13.36,2013,7/25/13,7,2013,0
TEC,333.48,5.9,NA,8,1,1140,8.01,13.36,2013,7/25/13,7,2013,1
OMA,414.97,3.3,0.375,8,4,1195.6,7.93,13.03,2013,7/27/13,7,2013,0.5
JOK,292.84,3.7,0.5,2,0,1136.8,7.75,12.76,2013,8/3/13,8,2013,1
CAE,1116.92,0.5,1,3,1,1136.8,7.75,12.76,2013,8/3/13,8,2013,1
DON,117.49,6.9,NA,4,1,1136.8,7.75,12.76,2013,8/3/13,8,2013,1
NEP,813.8,1.3,NA,5,2,1136.8,7.75,12.76,2013,8/3/13,8,2013,0
DAL,199.32,4.2,0.25,4,1,1136.8,7.75,12.76,2013,8/3/13,8,2013,0
DOP,537.65,1.8,1,7,1,1136.8,7.75,12.76,2013,8/3/13,8,2013,1
GOB,293.6,5.3,NA,11,1,1126.8,7.71,12.78,2013,8/4/13,8,2013,0.111111111
JAC,226.65,1.8,NA,5,2,1126.8,7.71,12.78,2013,8/4/13,8,2013,0.666666667
TOR,230,3.7,0,8,1,1124.3,7.72,12.8,2013,8/6/13,8,2013,0
TEC,504.17,5.9,NA,8,1,1127.5,7.68,12.81,2013,8/8/13,8,2013,1
DUD,326.88,5,NA,7,5,1127.5,7.68,12.81,2013,8/8/13,8,2013,1
DOO,258.79,1.9,1,8,2,1127.5,7.68,12.81,2013,8/8/13,8,2013,1
ZEN,438.69,6.3,NA,7,2,1127.5,7.68,12.81,2013,8/8/13,8,2013,0.857142857
ZIR,190.33,3.7,0.4,8,3,1127.5,7.68,12.81,2013,8/8/13,8,2013,0.714285714
ZAI,233.08,4,0,8,3,1127.5,7.68,12.81,2013,8/8/13,8,2013,0.142857143
CUE,308.2,2.9,1,5,3,1127.5,7.68,12.81,2013,8/8/13,8,2013,1
ERI,330.49,3.6,0,4,3,1127.5,7.68,12.81,2013,8/8/13,8,2013,0
CLY,311.41,3.4,0.333333333,2,3,1127.5,7.68,12.81,2013,8/8/13,8,2013,0
MIA,230.87,2.9,0.888888889,8,1,763.5,7.94,12.93,2013,8/13/13,8,2013,0.857142857
MYC,721.65,0.8,0.285714286,8,0,484.9,7.98,13.29,2013,8/21/13,8,2013,0
ORE,948.73,5.7,0,8,1,484.9,7.98,13.29,2013,8/21/13,8,2013,0
VIM,291.09,1.6,0.166666667,7,4,484.9,7.98,13.29,2013,8/21/13,8,2013,0.285714286
SEA,559.94,5.8,NA,5,1,482.7,7.97,13.33,2013,8/22/13,8,2013,0.333333333
GIZ,223.62,1.5,0.5,7,4,482.7,7.97,13.33,2013,8/22/13,8,2013,0.333333333
AGA,931.97,1.7,1,5,0,482.7,7.97,13.33,2013,8/22/13,8,2013,1
ISA,170.13,3.1,0.5,3,3,482.7,7.97,13.33,2013,8/22/13,8,2013,0.666666667
DIL,204.75,2.8,0,4,2,482.7,7.97,13.33,2013,8/22/13,8,2013,0.333333333
VEX,246.94,5.7,NA,7,1,463.7,7.95,13.43,2013,8/23/13,8,2013,0.333333333
VLA,327.24,1.2,0.333333333,7,4,463.7,7.95,13.43,2013,8/23/13,8,2013,0.5
XAV,150.3,4.6,NA,7,3,398.7,7.95,13.52,2013,8/25/13,8,2013,0.571428571
TOA,240.56,1.7,0.833333333,7,3,401.9,7.96,13.72,2013,8/26/13,8,2013,0.833333333
OMA,189.53,3.4,0.375,8,4,374.6,7.96,13.62,2013,8/28/13,8,2013,0.428571429
GON,145.3,4.6,1,8,3,374.6,7.96,13.62,2013,8/28/13,8,2013,1
DOP,810.35,1.9,1,7,1,331.7,8.09,14.1,2013,9/2/13,9,2013,1
TEC,625.27,6,NA,8,1,331.7,8.09,14.1,2013,9/2/13,9,2013,1
DAL,165.97,4.3,0.25,4,1,331.7,8.09,14.1,2013,9/2/13,9,2013,0
SEA,347.7,5.9,NA,5,1,331.7,8.09,14.1,2013,9/2/13,9,2013,0.333333333
ZAI,174.09,4.1,0,8,3,331.7,8.09,14.1,2013,9/2/13,9,2013,0.142857143
JOK,328.97,3.8,0.5,2,0,273.7,8.17,14.23,2013,9/4/13,9,2013,1
BAG,200.22,5,NA,10,2,273.7,8.17,14.23,2013,9/4/13,9,2013,0.625
ZIR,206.67,3.8,0.4,8,3,273.7,8.17,14.23,2013,9/4/13,9,2013,0.714285714
ZOR,307.35,6.4,NA,8,2,273.7,8.17,14.23,2013,9/4/13,9,2013,NA
ZEN,314.74,6.4,NA,7,1,273.7,8.17,14.23,2013,9/4/13,9,2013,1
XAV,178.21,4.7,NA,7,3,380.7,8.11,14.31,2013,9/6/13,9,2013,0.571428571
GOB,392.6,5.4,NA,11,1,380.7,8.11,14.31,2013,9/6/13,9,2013,0.111111111
CLY,220.5,3.5,0.333333333,2,3,378.7,8.08,14.32,2013,9/7/13,9,2013,0
ISA,214.55,3.2,0.5,3,3,378.7,8.08,14.32,2013,9/7/13,9,2013,0.666666667
ORE,476.24,5.7,0,8,1,378.7,8.08,14.32,2013,9/7/13,9,2013,0
TOA,184.34,1.7,0.833333333,7,3,331.9,8.01,14.78,2013,9/13/13,9,2013,0.833333333
JAR,270.58,1.3,0,2,0,314.3,7.95,15.08,2013,9/16/13,9,2013,0
CUE,303.35,3,1,5,3,297.3,7.9,15.13,2013,9/17/13,9,2013,1
OMA,283,3.4,0.375,8,4,297.3,7.9,15.13,2013,9/17/13,9,2013,0.571428571
GON,223.03,4.7,1,8,3,297.3,7.9,15.13,2013,9/17/13,9,2013,1
VEX,872.83,5.8,NA,7,1,297.3,7.9,15.13,2013,9/17/13,9,2013,0.333333333
JAC,232.63,1.9,NA,5,2,362.8,7.85,15.08,2013,9/18/13,9,2013,0.5
DOM,364.5,4.8,0.428571429,3,3,362.8,7.85,15.08,2013,9/18/13,9,2013,0
VLA,853.92,1.3,0.333333333,7,4,332.8,7.88,15.14,2013,9/19/13,9,2013,0.5
BOY,187.64,5.8,NA,5,0,313.8,7.86,15.19,2013,9/20/13,9,2013,1
DUD,194.18,5.1,NA,7,4,313.8,7.86,15.19,2013,9/20/13,9,2013,0.857142857
ERI,344.46,3.7,0,4,3,277.7,7.86,15.57,2013,9/24/13,9,2013,0
MIA,260.89,3,0.888888889,8,1,282.2,7.86,15.53,2013,9/25/13,9,2013,0.857142857
GIZ,865.15,1.6,0.5,7,4,298.5,7.84,15.88,2013,9/30/13,9,2013,0.333333333
JAR,1077.18,1.4,0,2,0,300.5,7.8,15.88,2013,10/1/13,10,2013,0
JOK,245.14,3.9,0.5,2,0,300.5,7.8,15.88,2013,10/1/13,10,2013,1
VEX,376.47,5.8,NA,7,1,300.5,7.8,15.88,2013,10/1/13,10,2013,0.333333333
SEA,537.16,5.9,NA,5,1,300.5,7.8,15.88,2013,10/1/13,10,2013,0.333333333
DON,419.64,7,NA,4,1,299.4,7.71,15.96,2013,10/2/13,10,2013,1
ORE,839.1,5.8,0,8,1,299.4,7.71,15.96,2013,10/2/13,10,2013,0
TEC,463.6,6.1,NA,8,1,299.4,7.71,15.96,2013,10/2/13,10,2013,1
BAL,311.52,1.6,0.888888889,NA,2,300.3,7.65,16.12,2013,10/3/13,10,2013,0.916666667
VIM,290.93,1.7,0.166666667,7,4,300.3,7.65,16.12,2013,10/3/13,10,2013,0.285714286
CUE,231.91,3,1,5,3,300.3,7.65,16.12,2013,10/3/13,10,2013,1
DIL,220.12,2.9,0,4,2,300.3,7.65,16.12,2013,10/3/13,10,2013,0.333333333
DOP,181.54,2,1,7,1,230.2,7.57,16.12,2013,10/9/13,10,2013,1
MIA,234.62,3,0.888888889,8,1,232.2,7.54,15.99,2013,10/10/13,10,2013,0.857142857
DAL,436.43,4.4,0.25,4,1,232.2,7.54,15.99,2013,10/10/13,10,2013,0
VIM,270.18,1.7,0.166666667,7,4,232.2,7.54,15.99,2013,10/10/13,10,2013,0.285714286
TOR,226.31,3.9,0,8,1,232.2,7.51,15.94,2013,10/11/13,10,2013,0
HOR,271.04,2.3,0.75,9,1,232.2,7.51,15.94,2013,10/11/13,10,2013,0.75
BAG,464.63,5.1,NA,10,2,232.2,7.51,15.94,2013,10/11/13,10,2013,0.625
ZEN,546.94,6.5,NA,7,2,232.2,7.51,15.94,2013,10/11/13,10,2013,1
ERI,310.62,3.7,0,4,3,232.2,7.51,15.94,2013,10/11/13,10,2013,0
ZAI,259.29,4.2,0,8,3,232.2,7.51,15.94,2013,10/11/13,10,2013,0.142857143
JAC,268,2,NA,5,2,233.8,7.5,15.92,2013,10/12/13,10,2013,0.5
ZOR,278.11,6.5,NA,8,2,233.8,7.5,15.92,2013,10/12/13,10,2013,NA
OMA,244.88,3.5,0.375,8,3,233.8,7.5,15.92,2013,10/12/13,10,2013,0.571428571
NEP,303.34,1.5,NA,5,2,233.8,7.5,15.92,2013,10/12/13,10,2013,0
XAV,254.76,4.8,NA,7,3,233.8,7.5,15.92,2013,10/12/13,10,2013,0.571428571
DOO,231.9,2.1,1,8,2,233.8,7.5,15.92,2013,10/12/13,10,2013,0.857142857
PIP,219.27,3,0.666666667,5,1,241,7.33,15.73,2013,10/15/13,10,2013,0.75
GAV,189.8,3.1,0.666666667,5,1,241,7.33,15.73,2013,10/15/13,10,2013,0.25
TOA,135.2,1.8,0.833333333,7,3,241,7.33,15.73,2013,10/15/13,10,2013,1
GIZ,207,1.6,0.5,7,4,241,7.33,15.73,2013,10/15/13,10,2013,0.333333333
GOB,187.83,5.6,NA,11,1,160.3,7.41,15.87,2013,10/18/13,10,2013,0.111111111
VLA,368.57,1.4,0.333333333,7,4,160.3,7.41,15.87,2013,10/18/13,10,2013,0.5
DUD,332.94,5.2,NA,7,5,159.3,7.37,15.87,2013,10/19/13,10,2013,0.857142857
MYC,556.75,1,0.285714286,8,1,148.3,7.35,15.89,2013,10/20/13,10,2013,0
DOM,185.81,4.9,0.428571429,3,2,105.3,7.19,15.54,2013,10/31/13,10,2013,0.333333333
CLY,381.7,3.7,0.333333333,2,3,103.9,7.18,15.44,2013,11/1/13,11,2013,0
TEC,398.11,6.2,NA,8,1,103.9,7.18,15.44,2013,11/1/13,11,2013,1
DIL,251.71,3,0,4,2,103.9,7.18,15.44,2013,11/1/13,11,2013,0.333333333
GIZ,330.61,1.7,0.5,7,4,103.9,7.18,15.44,2013,11/1/13,11,2013,0.333333333
DAL,285.91,4.5,0.25,4,1,103.9,7.18,15.44,2013,11/1/13,11,2013,0
ISA,229.83,3.3,0.5,3,3,103.9,7.18,15.44,2013,11/1/13,11,2013,1
ORE,364.11,5.9,0,8,1,103.9,7.18,15.44,2013,11/1/13,11,2013,0
ZAI,331.66,4.3,0,8,3,103.9,7.18,15.44,2013,11/1/13,11,2013,0.142857143
DON,356.07,7.1,NA,4,1,102.5,7.16,15.36,2013,11/2/13,11,2013,1
ZIR,190.24,4,0.4,8,3,102.5,7.16,15.36,2013,11/2/13,11,2013,0.714285714
DUD,244.97,5.2,NA,7,4,102.5,7.16,15.36,2013,11/2/13,11,2013,0.857142857
ZEN,407.04,6.5,NA,7,1,102.5,7.16,15.36,2013,11/2/13,11,2013,1
VEX,341.08,5.9,NA,7,1,102.5,7.16,15.36,2013,11/2/13,11,2013,0.333333333
SEA,343.2,6,NA,5,1,102.5,7.16,15.36,2013,11/2/13,11,2013,0.333333333
VIM,261.55,1.8,0.166666667,7,4,102.5,7.1,15.46,2013,11/4/13,11,2013,0.285714286
MYC,908.07,1,0.285714286,8,1,102.5,7.1,15.46,2013,11/4/13,11,2013,0
JAR,324.92,1.5,0,2,0,35.1,7.12,15.56,2013,11/8/13,11,2013,0
PIP,192.78,3,0.666666667,5,1,35.1,7.12,15.56,2013,11/8/13,11,2013,0.75
ERI,280.57,3.8,0,4,3,31.5,7.1,15.68,2013,11/11/13,11,2013,0
JAC,249.37,2.1,NA,5,2,44,6.95,15.9,2013,11/25/13,11,2013,0.5
DIL,182.45,3.1,0,4,2,44.3,6.82,15.77,2013,12/5/13,12,2013,0.333333333
VLA,550.03,1.5,0.333333333,7,4,44.3,6.82,15.77,2013,12/5/13,12,2013,0.5
ORE,351.23,6,0,8,1,44.3,6.69,15.64,2013,12/7/13,12,2013,0
SEA,935.5,6.2,NA,5,1,0,5.71,14.52,2014,1/8/14,1,2014,0.333333333
VEX,585.36,6.1,NA,7,1,0,5.71,14.52,2014,1/8/14,1,2014,0.333333333
DAL,532.63,4.7,0.25,4,1,0,5.71,14.52,2014,1/8/14,1,2014,0
ORE,739.14,6,0,8,1,0,5.71,14.52,2014,1/8/14,1,2014,0
DON,1528.3,7.3,NA,4,1,0,5.71,14.52,2014,1/8/14,1,2014,1
TEC,323.56,6.4,NA,8,1,0,6.15,14.96,2014,1/13/14,1,2014,1
DAL,540.31,4.8,0.25,4,0,0,7.46,17.21,2014,2/11/14,2,2014,0
DON,973.61,7.4,NA,4,1,0,7.46,17.21,2014,2/11/14,2,2014,1
SEA,440,6.3,NA,5,1,0,7.45,17.32,2014,2/12/14,2,2014,0.333333333
VEX,367.91,6.2,NA,7,1,0,7.45,17.32,2014,2/12/14,2,2014,0.333333333
VEX,291,6.3,NA,7,1,32.2,7.48,18.5,2014,3/4/14,3,2014,0.5
TEC,306.59,6.5,NA,8,1,32.2,7.48,18.5,2014,3/4/14,3,2014,NA
SEA,392.08,6.4,NA,5,1,32.2,7.48,18.5,2014,3/4/14,3,2014,0
ORE,351,6.2,0,8,1,32.2,7.48,18.5,2014,3/4/14,3,2014,0
DAL,314.96,4.8,0.25,4,1,34.2,7.49,18.45,2014,3/6/14,3,2014,0.333333333
DON,771.26,7.5,NA,4,1,34.2,7.48,18.51,2014,3/7/14,3,2014,1
ZAI,277.57,4.7,0,8,2,87.4,8.32,18.72,2014,3/27/14,3,2014,0.166666667
BAG,234.43,5.5,NA,10,1,87.4,8.32,18.72,2014,3/27/14,3,2014,0.571428571
SEA,570.9,6.4,NA,5,1,81.8,8.33,18.69,2014,4/1/14,4,2014,0
DAL,308.94,4.9,0.25,4,1,80.2,8.34,18.65,2014,4/2/14,4,2014,0.333333333
VEX,440.64,6.3,NA,7,1,53.2,8.43,18.84,2014,4/4/14,4,2014,0.333333333
ORE,365.4,6.3,0,8,1,53.2,8.61,19.03,2014,4/8/14,4,2014,0
TEC,276.53,6.6,NA,8,1,53.2,8.61,19.03,2014,4/8/14,4,2014,NA
DON,840,7.6,NA,4,1,53.2,8.61,19.03,2014,4/8/14,4,2014,1
BAG,348.19,5.6,NA,10,1,29.5,9.18,20.71,2014,4/24/14,4,2014,0.5
XAV,291.2,5.3,NA,7,2,29.5,9.18,20.71,2014,4/24/14,4,2014,0.666666667
JOK,357,4.4,0.5,2,0,86.5,9.05,20.24,2014,5/1/14,5,2014,1
SEA,645.07,6.5,NA,5,1,86.5,9.05,20.24,2014,5/1/14,5,2014,0
DON,755.46,7.6,NA,4,1,86.5,9.05,20.24,2014,5/1/14,5,2014,1
ORE,337.5,6.4,0,8,1,86.5,9.05,20.24,2014,5/1/14,5,2014,0
TEC,468.97,6.7,NA,8,1,86.5,9.05,20.24,2014,5/1/14,5,2014,NA
ZAI,220.99,4.8,0,8,2,86.5,9.06,20.26,2014,5/3/14,5,2014,0.333333333
ZIR,437.33,4.5,0.4,8,2,86.5,9.06,20.26,2014,5/3/14,5,2014,0.833333333
TOR,230.65,4.5,0,8,1,86.5,9.06,20.26,2014,5/3/14,5,2014,0
VEX,398.13,6.4,NA,7,1,203.5,8.95,19.76,2014,5/11/14,5,2014,0.333333333
XAV,223.68,5.3,NA,7,2,213.5,9.02,19.61,2014,5/13/14,5,2014,0.666666667
TEC,372.17,6.8,NA,8,1,367.5,8.89,18.84,2014,6/3/14,6,2014,NA
ORE,263.67,6.5,0,8,1,367.5,8.96,18.93,2014,6/4/14,6,2014,0
VEX,425.3,6.5,NA,7,1,367.5,8.96,18.93,2014,6/4/14,6,2014,0.333333333
ZAI,404.55,4.9,0,8,2,367.5,8.96,18.93,2014,6/5/14,6,2014,0.571428571
BAG,178.65,5.7,NA,10,1,374.5,8.94,19.06,2014,6/7/14,6,2014,0.5
JOK,283.16,4.6,0.5,2,0,279.5,8.97,19.07,2014,6/9/14,6,2014,1
SEA,306.3,6.6,NA,5,1,295,8.9,18.87,2014,6/11/14,6,2014,0
ORE,751.5,6.5,0,8,1,290,8.83,18.29,2014,6/18/14,6,2014,0
ERI,365.27,4.5,0,4,3,398.5,8.66,16.61,2014,7/1/14,7,2014,NA
ORE,331.12,6.5,0,8,1,405,8.59,16.54,2014,7/2/14,7,2014,0
JOK,632.35,4.6,0.5,2,0,406.5,8.56,16.44,2014,7/3/14,7,2014,1
DAL,563.74,5.2,0.25,4,1,410.5,8.48,16.43,2014,7/4/14,7,2014,0.333333333
TOR,466.95,4.7,0,8,1,499.5,8.27,16.08,2014,7/13/14,7,2014,0
ZAI,537.09,5,0,8,2,504.5,8.23,16.02,2014,7/14/14,7,2014,0.5
BAG,327,5.8,NA,10,1,504.5,8.2,16.02,2014,7/16/14,7,2014,0.5
TEC,588.65,6.9,NA,8,1,418.5,8.03,15.06,2014,8/4/14,8,2014,NA
ZIR,472.5,4.7,0.4,8,2,420,7.98,15.1,2014,8/5/14,8,2014,0.666666667
ZAI,479.49,5,0,8,2,420,7.98,15.1,2014,8/5/14,8,2014,0
ERI,562.32,4.6,0,4,3,304,8.01,14.53,2014,8/20/14,8,2014,NA
ORE,733.16,6.7,0,8,1,312.5,8.19,14.6,2014,8/28/14,8,2014,0
XAV,527.25,5.6,NA,7,2,302,8.26,14.57,2014,8/29/14,8,2014,0.333333333
TEC,803.8,7,NA,8,1,378,8.56,14.69,2014,9/1/14,9,2014,1
ZAI,548.51,5.1,0,8,2,378,8.56,14.69,2014,9/1/14,9,2014,0
TOR,353.47,4.8,0,8,1,419.5,8.61,14.73,2014,9/3/14,9,2014,0
DAL,805.89,5.3,0.25,4,1,419.5,8.61,14.73,2014,9/3/14,9,2014,0.333333333
CLY,704.31,4.5,0.333333333,2,3,410.5,8.66,14.8,2014,9/4/14,9,2014,0.5
ZIR,230.67,4.8,0.4,8,2,410.5,8.66,14.8,2014,9/4/14,9,2014,0.666666667
JOK,392.35,4.8,0.5,2,0,431.5,8.59,14.56,2014,9/9/14,9,2014,1
ORE,594.21,6.7,0,8,1,458,8.54,15.05,2014,9/18/14,9,2014,0
MOJ,652.11,5.6,0,3,1,428.5,8.66,14.72,2014,9/22/14,9,2014,0.666666667
ERI,247.7,4.7,0,4,3,419.5,8.67,14.69,2014,9/23/14,9,2014,0
ORE,1226.4,6.8,0,8,1,231,7.73,15.12,2014,10/2/14,10,2014,0
CLY,300.17,4.6,0.333333333,2,3,205.5,7.62,15.24,2014,10/4/14,10,2014,0.5
ZAI,360.36,5.2,0,8,2,205.5,7.62,15.24,2014,10/4/14,10,2014,NA
XAV,445.85,5.7,NA,7,1,205.5,7.62,15.24,2014,10/4/14,10,2014,0.333333333
ZIR,245.23,4.9,0.4,8,1,209.5,7.59,15.27,2014,10/5/14,10,2014,0.666666667
TOR,352.97,4.9,0,8,1,209.5,7.59,15.27,2014,10/5/14,10,2014,0
JOK,579.87,4.9,0.5,2,0,185,7.6,15.37,2014,10/7/14,10,2014,1
TEC,1356.25,7.1,NA,8,1,152.3,7.68,15.38,2014,10/15/14,10,2014,1
DAL,499.72,5.5,0.25,4,1,117.8,7.65,15.5,2014,10/17/14,10,2014,0
DAL,390.22,5.5,0.25,4,1,50.3,7,15.83,2014,11/4/14,11,2014,0.333333333
TEC,1315.11,7.2,NA,8,1,50.3,7,15.83,2014,11/4/14,11,2014,0.75
CLY,665.14,4.7,0.333333333,2,3,50.3,7,15.83,2014,11/4/14,11,2014,0.5
ERI,575.35,4.8,0,4,3,50.3,7,15.83,2014,11/4/14,11,2014,0
XAV,397.35,5.8,NA,7,1,50.3,7,15.83,2014,11/4/14,11,2014,0.333333333
ZIR,249.8,5,0.4,8,1,50.3,7,15.83,2014,11/4/14,11,2014,0.666666667
MOJ,262.4,5.8,0,3,1,49.8,6.99,15.97,2014,11/5/14,11,2014,1
ORE,527.14,6.9,0,8,1,49.8,6.94,15.95,2014,11/7/14,11,2014,0
JOK,114.67,5,0.5,2,0,49.8,6.94,15.95,2014,11/7/14,11,2014,1
TOR,790.12,5,0,8,1,9,6.73,15.84,2014,11/17/14,11,2014,0
TEC,249.53,7.2,NA,8,1,18.5,6.65,15.49,2014,12/1/14,12,2014,0.5
ISA,307.93,4.4,0.5,3,3,18.5,6.65,15.49,2014,12/1/14,12,2014,1
DIL,251.16,4.1,0,4,2,18.5,6.65,15.49,2014,12/1/14,12,2014,0.666666667
VIM,221.67,2.9,0.166666667,7,4,18.5,6.65,15.49,2014,12/1/14,12,2014,0.285714286
DAL,197.51,5.6,0.25,4,1,18.5,6.65,15.49,2014,12/1/14,12,2014,0
ERI,213.2,4.9,0,4,3,18.5,6.65,15.49,2014,12/1/14,12,2014,0
GIZ,229.75,2.8,0.5,7,4,18.5,6.65,15.49,2014,12/1/14,12,2014,0.333333333
CLY,258.4,4.8,0.333333333,2,3,18.5,6.65,15.49,2014,12/1/14,12,2014,0.75
TOA,225.96,2.9,0.833333333,7,3,18.5,6.65,15.49,2014,12/1/14,12,2014,0.833333333
OMA,199.65,4.6,0.375,8,2,18.5,6.55,15.33,2014,12/2/14,12,2014,0.142857143
MIA,120.72,4.2,0.888888889,8,1,18.5,6.55,15.33,2014,12/2/14,12,2014,0.857142857
ORE,177.12,7,0,8,1,18.5,6.46,15.27,2014,12/4/14,12,2014,0
JOK,234.49,5.1,0.5,2,0,18.5,6.27,14.83,2014,12/11/14,12,2014,1
CRI,249.31,1.2,0,5,0,18.5,6.27,14.74,2014,12/12/14,12,2014,0.75
XAV,150.75,5.9,NA,7,1,8.5,5.95,14.67,2014,12/20/14,12,2014,0.333333333
ZIR,188.87,5.1,0.4,8,1,8.5,5.95,14.67,2014,12/20/14,12,2014,0.666666667
MOJ,195.76,5.9,0,3,1,0.5,5.93,14.64,2014,12/24/14,12,2014,1
OMA,195.36,4.7,0.375,8,2,0.5,5.93,14.64,2014,12/24/14,12,2014,0.142857143
GAV,275.57,4.3,0.666666667,5,1,0.5,5.93,14.64,2014,12/24/14,12,2014,0.25
MIA,272.7,4.3,0.888888889,8,1,0.5,5.93,14.64,2014,12/24/14,12,2014,0.857142857
BAG,243.48,6.3,NA,10,1,0.5,5.93,14.64,2014,12/24/14,12,2014,0.428571429
ISA,702.83,4.5,0.5,3,2,0,6.1,14.86,2015,1/1/15,1,2015,1
TEC,490.74,7.3,NA,8,1,0,6.1,14.86,2015,1/1/15,1,2015,0.25
CLY,934.11,4.8,0.333333333,2,2,0,6.1,14.86,2015,1/1/15,1,2015,0.75
CUE,247.38,4.3,1,5,2,0,6.1,14.86,2015,1/1/15,1,2015,0.25
ORE,747.62,7,0,8,1,0,6.1,14.86,2015,1/1/15,1,2015,0
JOK,350,5.1,0.5,2,0,0,6.1,14.86,2015,1/1/15,1,2015,1
DAL,1303.05,5.7,0.25,4,1,0,6.23,14.9,2015,1/2/15,1,2015,0.333333333
DIL,463.68,4.2,0,4,2,0,6.23,14.9,2015,1/2/15,1,2015,0.666666667
TEC,875.84,7.4,NA,8,1,0,6.27,15.15,2015,1/13/15,1,2015,0.25
JOK,454.58,5.1,0.5,2,0,0,6.27,15.15,2015,1/13/15,1,2015,1
CLY,2424.41,4.9,0.333333333,2,2,0,6.27,15.15,2015,1/13/15,1,2015,0.75
TEC,667.33,7.4,NA,8,1,0,6.99,16.47,2015,2/3/15,2,2015,0.25
JOK,250.25,5.2,0.5,2,0,0,6.99,16.47,2015,2/3/15,2,2015,1
ISA,503.37,4.6,0.5,3,1,0,7.06,16.63,2015,2/4/15,2,2015,1
CUE,886.15,4.3,1,5,2,0,7.06,16.63,2015,2/4/15,2,2015,0.25
CLY,429.31,4.9,0.333333333,2,1,0,7.06,16.63,2015,2/4/15,2,2015,0.75
DAL,824.13,5.8,0.25,4,0,0,7.06,16.63,2015,2/4/15,2,2015,0
DIL,438.76,4.3,0,4,2,0,7.06,16.63,2015,2/4/15,2,2015,0.67
ORE,861.49,7.1,0,8,1,0,7.56,17.29,2015,2/9/15,2,2015,0
MIA,306,4.4,0.888888889,8,1,0,7.76,17.55,2015,2/11/15,2,2015,0.75
OMA,384.77,4.8,0.375,8,2,0,7.76,17.55,2015,2/11/15,2,2015,0.125
JOK,303.93,5.3,0.5,2,0,2,8.5,18.68,2015,2/19/15,2,2015,1
TEC,613.94,7.5,NA,8,1,2,8.5,18.68,2015,2/19/15,2,2015,0.25
CLY,423.85,5,0.333333333,2,1,2,8.5,18.68,2015,2/19/15,2,2015,0.75
DAL,678.26,5.8,0.25,4,0,2,8.56,18.78,2015,2/20/15,2,2015,0
JOK,1180.05,5.3,0.5,2,0,2,8.99,19.81,2015,3/2/15,3,2015,1
CLY,628.15,5,0.333333333,2,2,2,8.99,19.81,2015,3/2/15,3,2015,0.75
ISA,465.41,4.6,0.5,3,2,2,8.99,19.81,2015,3/2/15,3,2015,1
TEC,1798.45,7.5,NA,8,1,2,8.99,19.81,2015,3/2/15,3,2015,0.25
CUE,676.87,4.4,1,5,2,2,8.99,19.81,2015,3/2/15,3,2015,0.25
DIL,416.27,4.3,0,4,2,2,8.99,19.81,2015,3/2/15,3,2015,0.666666667
DAL,494.25,5.8,0.25,4,1,2,8.99,19.81,2015,3/2/15,3,2015,0.5
ORE,845.87,7.2,0,8,1,2,9.2,20.16,2015,3/5/15,3,2015,0
BAG,453.12,6.5,NA,10,1,3.5,9.29,20.3,2015,3/6/15,3,2015,0.428571429
PIP,324.63,4.3,0.666666667,5,1,3.5,9.29,20.3,2015,3/6/15,3,2015,0.75
XAV,376.5,6.2,NA,7,1,3.5,9.29,20.3,2015,3/6/15,3,2015,0.333333333
MOJ,430.84,6.1,0,3,1,3.5,9.29,20.3,2015,3/6/15,3,2015,1
TOR,718.23,5.3,0,8,1,3.5,9.29,20.3,2015,3/6/15,3,2015,0
ZIR,214.89,5.3,0.4,8,1,3.5,9.29,20.3,2015,3/6/15,3,2015,0.666666667
JOK,759.77,5.3,0.5,2,0,3.5,9.28,20.78,2015,3/12/15,3,2015,1
DAL,543.26,5.9,0.25,4,1,3.5,9.28,20.78,2015,3/12/15,3,2015,0.5
TEC,703.4,7.5,NA,8,1,3.5,9.28,20.78,2015,3/12/15,3,2015,0.25
CLY,565.03,5,0.333333333,2,2,3.5,9.31,20.87,2015,3/13/15,3,2015,0.75
ORE,1361.35,7.2,0,8,1,44.6,9.45,21.6,2015,3/23/15,3,2015,0
MIA,867.92,4.5,0.888888889,8,1,44.6,9.43,21.67,2015,3/24/15,3,2015,0.75
OMA,430.76,4.9,0.375,8,2,44.6,9.43,21.67,2015,3/24/15,3,2015,0.125
ZIR,494.21,5.4,0.4,8,1,49.1,9.61,21.68,2015,4/1/15,4,2015,0.666666667
MIA,1027.35,4.5,0.888888889,8,1,49.1,9.61,21.68,2015,4/1/15,4,2015,0.75
XAV,451.06,6.2,NA,7,1,49.1,9.61,21.68,2015,4/1/15,4,2015,0.333333333
OMA,989.24,4.9,0.375,8,2,49.1,9.61,21.68,2015,4/1/15,4,2015,0.125
BAG,348.36,6.6,NA,10,1,49.1,9.61,21.68,2015,4/1/15,4,2015,0.428571429
DAL,489.76,5.9,0.25,4,1,49.1,9.65,21.65,2015,4/2/15,4,2015,0.333333333
CUE,529.31,4.5,1,5,2,49.1,9.65,21.65,2015,4/2/15,4,2015,0.4
CLY,1023.45,5.1,0.333333333,2,2,49.1,9.65,21.65,2015,4/2/15,4,2015,0.8
ISA,1035.51,4.7,0.5,3,2,49.1,9.65,21.65,2015,4/2/15,4,2015,1
TEC,1429.38,7.6,NA,8,1,49.1,9.65,21.65,2015,4/2/15,4,2015,0.4
DIL,701.35,4.4,0,4,2,49.1,9.65,21.65,2015,4/2/15,4,2015,0.166666667
ORE,688.62,7.3,0,8,1,51.6,9.88,21.95,2015,4/9/15,4,2015,0
CLY,732.67,5.1,0.333333333,2,2,56.1,9.69,21.64,2015,4/16/15,4,2015,0.8
TEC,912.64,7.6,NA,8,1,56.1,9.69,21.64,2015,4/16/15,4,2015,0.4
JOK,627.68,5.4,0.5,2,0,56.1,9.69,21.64,2015,4/16/15,4,2015,1
DAL,678.72,6,0.25,4,1,55.1,9.66,21.63,2015,4/18/15,4,2015,0.333333333
MOJ,297.08,6.2,0,3,1,40.3,9.79,21.84,2015,4/20/15,4,2015,1
PIP,491.04,4.5,0.666666667,5,1,40.3,9.79,21.84,2015,4/20/15,4,2015,0.75
TOR,517.54,5.5,0,8,1,42,10.1,22.27,2015,4/28/15,4,2015,0
TEC,680.72,7.7,NA,8,1,42,10.01,22.43,2015,5/1/15,5,2015,0.4
JOK,421.46,5.4,0.5,2,0,42,10.01,22.43,2015,5/1/15,5,2015,1
ISA,494.09,4.8,0.5,3,2,42,10.01,22.43,2015,5/1/15,5,2015,1
DAL,978.22,6,0.25,4,1,42,9.98,22.49,2015,5/2/15,5,2015,0
DIL,595.27,4.5,0,4,2,42,9.98,22.49,2015,5/2/15,5,2015,0.5
MOJ,639.14,6.2,0,3,1,135,9.74,21.92,2015,5/5/15,5,2015,1
ORE,1122.43,7.4,0,8,1,150.3,9.63,21.06,2015,5/12/15,5,2015,0
ZIR,320.93,5.5,0.4,8,1,150.3,9.63,21.06,2015,5/12/15,5,2015,0.75
XAV,640.55,6.3,NA,7,1,150.3,9.63,21.06,2015,5/12/15,5,2015,0.25
BAG,427.97,6.7,NA,10,1,150.3,9.63,21.06,2015,5/12/15,5,2015,0.571428571
OMA,786.55,5.1,0.375,8,2,150.3,9.63,21.06,2015,5/12/15,5,2015,0.285714286
TOR,462.51,5.5,0,8,1,150.3,9.63,21.06,2015,5/12/15,5,2015,0
MIA,566.73,4.6,0.888888889,8,1,146.3,9.7,21.12,2015,5/13/15,5,2015,0.75
GAV,632.89,4.6,0.666666667,5,1,146.3,9.79,21.14,2015,5/14/15,5,2015,0.25
PIP,840.69,4.5,0.666666667,5,1,146.3,9.79,21.14,2015,5/14/15,5,2015,0.75
JOK,546.35,5.5,0.5,2,0,150.8,10.13,20.81,2015,5/21/15,5,2015,1
DAL,618.19,6,0.25,4,1,150.8,10.13,20.81,2015,5/21/15,5,2015,0
MOJ,401.33,6.3,0,3,1,150.8,10.13,20.81,2015,5/21/15,5,2015,1
BAG,581.68,6.7,NA,10,1,151.8,10.16,20.8,2015,5/22/15,5,2015,0.571428571
TOR,578.95,5.5,0,8,1,151.8,10.16,20.8,2015,5/22/15,5,2015,0
XAV,663.41,6.4,NA,7,1,151.8,10.16,20.8,2015,5/22/15,5,2015,0.25
ZIR,420,5.5,0.4,8,1,151.8,10.16,20.8,2015,5/22/15,5,2015,0.75
CLY,235.1,5.2,0.333333333,2,2,185.1,9.98,20.2,2015,5/25/15,5,2015,0.8
ORE,1270.81,7.4,0,8,1,185.1,9.98,20.2,2015,5/25/15,5,2015,0
MOJ,530.35,6.3,0,3,1,197.6,9.94,19.62,2015,6/1/15,6,2015,1
BAG,603.06,6.7,NA,10,1,197.6,9.94,19.62,2015,6/1/15,6,2015,0.625
TOR,457.02,5.5,0,8,1,197.6,9.94,19.62,2015,6/1/15,6,2015,0
CLY,300.37,5.3,0.333333333,2,2,204.6,9.86,19.5,2015,6/2/15,6,2015,0.8
JOK,608.1,5.5,0.5,2,0,204.6,9.86,19.5,2015,6/2/15,6,2015,1
ORE,550.64,7.5,0,8,0,103.8,10.27,20.04,2015,6/8/15,6,2015,0
ORE,928.31,7.5,0,8,0,199.6,9.4,17.94,2015,7/2/15,7,2015,0
JOK,265.6,5.6,0.5,2,0,214.1,9.16,17.64,2015,7/6/15,7,2015,1
DAL,489.43,6.2,0.25,4,1,214.1,9.08,17.54,2015,7/7/15,7,2015,0
MOJ,502.38,6.4,0,3,1,214.1,9.08,17.54,2015,7/7/15,7,2015,1
BAG,285.86,6.8,NA,10,1,214.1,9.08,17.54,2015,7/7/15,7,2015,0.5
TOR,188.11,5.6,0,8,1,214.1,9.08,17.54,2015,7/7/15,7,2015,0
CLY,640.69,5.5,0.333333333,2,2,227.3,11.71,15.12,2015,8/18/15,8,2015,0.8
JOK,394.57,5.7,0.5,2,0,203.8,12.45,15.09,2015,8/20/15,8,2015,1
DAL,461.85,6.3,0.25,4,1,208.8,12.45,14.91,2015,8/21/15,8,2015,0
BAG,502.53,7,NA,10,1,268.3,11.44,14.5,2015,8/27/15,8,2015,0.5
TOR,194.83,5.8,0,8,1,268.3,11.44,14.5,2015,8/27/15,8,2015,0
DAL,615.06,6.3,0.25,4,1,303.5,10.88,14.71,2015,9/3/15,9,2015,0.333333333
JOK,658.19,5.8,0.5,2,0,303.5,10.88,14.71,2015,9/3/15,9,2015,1
CLY,544.09,5.5,0.333333333,2,2,303.5,10.88,14.71,2015,9/3/15,9,2015,0.8
MOJ,553.45,6.6,0,3,1,312.4,11.12,14.93,2015,9/16/15,9,2015,0.75
ORE,424.39,7.8,0,8,0,222.2,11.23,15.77,2015,9/24/15,9,2015,0
XAV,447.76,6.8,NA,7,1,114.1,12.55,18.84,2015,10/14/15,10,2015,0
MOJ,169,7.7,0,3,1,NA,NA,NA,2016,10/16/16,10,2016,0.666666667
JOK,164.74,5.9,0.5,2,0,97.8,12.57,18.96,2015,10/21/15,10,2015,1
DAL,190.88,6.5,0.25,4,1,97.8,12.57,18.96,2015,10/21/15,10,2015,0.666666667
ORE,404.21,7.8,0,8,0,99,12.53,19.01,2015,10/22/15,10,2015,0
CLY,153.49,5.7,0.333333333,2,2,79.7,12.14,19,2015,10/29/15,10,2015,0.8
TOR,211.28,6,0,8,1,79.7,12.14,19,2015,10/29/15,10,2015,0
BAG,313.48,7.1,NA,10,1,82.7,12,18.8,2015,10/30/15,10,2015,0.5
JOK,329.11,6,0.5,2,0,114.4,11.29,17.93,2015,11/4/15,11,2015,1
MOJ,334.11,6.8,0,3,1,138.9,11.07,17.66,2015,11/5/15,11,2015,0.75
ORE,692.14,7.9,0,8,0,161.4,10.85,17.48,2015,11/6/15,11,2015,0
DAL,245.67,6.5,0.25,4,1,163.5,10.29,17.6,2015,11/12/15,11,2015,0.666666667
MOJ,616.08,6.8,0,3,1,169,8,16.47,2015,12/1/15,12,2015,0.75
JOK,280.8,6,0.5,2,0,167.6,7.97,16.33,2015,12/2/15,12,2015,1
DAL,343.89,6.6,0.25,4,1,143.1,7.89,16.4,2015,12/4/15,12,2015,0.666666667
ORE,683.88,8,0,8,0,105.5,7.85,16.52,2015,12/7/15,12,2015,0
CLY,642.08,5.8,0.333333333,2,2,61.6,7.52,16.03,2015,12/10/15,12,2015,0.8
MOJ,553.89,6.9,0,3,1,25.4,7.1,15.7,2016,1/12/16,1,2016,0.75
DAL,320.78,6.7,0.25,4,1,25.4,7.11,15.68,2016,1/14/16,1,2016,0.666666667
JOK,554.74,6.2,0.5,2,0,25.4,7.12,15.67,2016,1/15/16,1,2016,1
JOK,569.42,6.2,0.5,2,0,0,7.19,16.07,2016,2/2/16,2,2016,1
CLY,497.86,5.9,0.333333333,2,1,0,7.18,16.12,2016,2/3/16,2,2016,0.8
JOK,222.86,6.3,0.5,2,0,0,9.01,18.75,2016,3/1/16,3,2016,1
DAL,529.52,6.8,0.25,4,1,0,9.01,18.75,2016,3/1/16,3,2016,0.666666667
CLY,528.33,6,0.333333333,2,2,0,9.16,19.02,2016,3/2/16,3,2016,0.8
JOK,330.76,6.4,0.5,2,0,64.4,10.89,22.22,2016,4/2/16,4,2016,1
CLY,609.66,6.1,0.333333333,2,2,64.4,10.79,22.21,2016,4/4/16,4,2016,0.8
XAV,705.7,7.3,NA,7,1,9.5,11.09,23.01,2016,4/21/16,4,2016,0
JOK,661.45,6.5,0.5,2,0,53.4,10.81,22.41,2016,5/4/16,5,2016,1
DAL,620.96,7,0.25,4,1,183.6,10.52,21.42,2016,5/9/16,5,2016,0.333333333
MOJ,346.05,7.3,0,3,1,183.6,10.52,21.42,2016,5/9/16,5,2016,0.5
CLY,461.75,6.2,0.333333333,2,2,191.9,10.44,21.16,2016,5/10/16,5,2016,0.8
ORE,487.27,8.4,0,8,0,230.1,10.11,19.72,2016,5/20/16,5,2016,0
DAL,529.61,7.1,0.25,4,1,247.9,9.87,18.95,2016,6/2/16,6,2016,0.333333333
JOK,649.25,6.5,0.5,2,0,230.4,10.03,19.19,2016,6/4/16,6,2016,1
CLY,534,6.3,0.333333333,2,2,150.9,10.41,19.37,2016,6/14/16,6,2016,0.8
CLY,404.67,6.3,0.333333333,2,2,430.2,8.95,15.67,2016,7/4/16,7,2016,0.75
JOK,207.82,6.6,0.5,2,0,430.2,8.95,15.67,2016,7/4/16,7,2016,1
DAL,580.9,7.2,0.25,4,1,465.4,8.48,14.81,2016,7/11/16,7,2016,0.333333333
ORE,1169.3,8.6,0,8,0,475.3,8.28,14.48,2016,7/13/16,7,2016,0
JOK,837.18,7.1,0.5,2,0,NA,NA,NA,2016,12/12/16,12,2016,1
CLY,628.71,6.8,0.333333333,2,2,NA,NA,NA,2016,12/14/16,12,2016,0.75
JAC,351.12,5.7,NA,5,2,274.5,9.54,18.64,2017,6/19/17,6,2017,0.25
TOA,698.93,5.5,0.833333333,7,3,278.3,9.48,18.3,2017,6/22/17,6,2017,0.857142857
VIM,288.34,5.4,0.166666667,7,4,278.3,9.48,18.3,2017,6/22/17,6,2017,0.285714286
OMA,830.19,7.2,0.375,8,1,290.3,9.23,17.79,2017,6/28/17,6,2017,0.285714286
MIA,497.16,6.8,0.888888889,8,1,303.6,9.82,17.65,2017,7/5/17,7,2017,0.75
OMA,563.61,7.2,0.375,8,1,303.6,9.82,17.65,2017,7/5/17,7,2017,0.285714286
CAE,579.05,4.5,1,3,0,347.6,9.38,15.53,2017,7/17/17,7,2017,1
OMA,437.02,7.3,0.375,8,1,381.4,9.28,14.83,2017,7/24/17,7,2017,0.285714286
VAI,477.84,4,0.666666667,6,3,381.4,9.28,14.83,2017,7/24/17,7,2017,0.6
GIZ,440,5.4,0.5,7,4,381.4,9.28,14.83,2017,7/24/17,7,2017,0.2
JOK,951.03,7.7,0.5,2,0,381.4,9.28,14.83,2017,7/24/17,7,2017,1
JAR,568.84,5.2,0,2,0,466.3,9.4,14.3,2017,7/27/17,7,2017,0
ISA,923.4,7.1,0.5,3,2,528.7,8.69,13.88,2017,8/8/17,8,2017,1
JAR,601.66,5.2,0,2,0,528.7,8.69,13.88,2017,8/8/17,8,2017,0
VIM,1769.49,5.6,0.166666667,6,4,530.2,8.72,13.91,2017,8/9/17,8,2017,0.285714286
DIL,586.29,6.8,0,4,1,530.2,8.72,13.91,2017,8/9/17,8,2017,0.166666667
JAC,716.27,5.8,NA,5,2,559.7,8.61,13.76,2017,8/15/17,8,2017,0.25
FLY,2136.86,5.7,NA,5,2,559.7,8.61,13.76,2017,8/15/17,8,2017,1
NEP,437.14,5.4,NA,5,2,559.7,8.61,13.76,2017,8/15/17,8,2017,0.5
GIZ,556.5,5.5,0.5,7,4,450.6,8.48,13.86,2017,8/25/17,8,2017,0.4
VLA,558.13,5.2,0.333333333,7,4,450.6,8.48,13.86,2017,8/25/17,8,2017,0.2
GAV,776.68,6.9,0.666666667,4,1,490.7,8.37,13.76,2017,8/31/17,8,2017,0.25
PIP,715.92,6.8,0.666666667,5,1,490.7,8.37,13.76,2017,8/31/17,8,2017,1
MIA,480.65,7,0.888888889,8,1,438.3,8.29,13.88,2017,9/6/17,9,2017,0.75
MYC,474.8,4.9,0.285714286,8,0,438.3,8.29,13.88,2017,9/6/17,9,2017,0.142857143
DIL,333.91,6.9,0,4,1,374.5,8.34,13.93,2017,9/7/17,9,2017,0.166666667
ISA,505.79,7.2,0.5,3,2,368,8.33,13.9,2017,9/8/17,9,2017,1
CAE,388.92,4.6,1,3,0,368,8.33,13.9,2017,9/8/17,9,2017,1
DRO,403.68,4.3,0.333333333,7,0,375.8,8.32,13.93,2017,9/9/17,9,2017,0.166666667
JAR,388.33,5.3,0,2,0,375.8,8.32,13.93,2017,9/9/17,9,2017,0
CRI,251.8,4,0,5,0,387.3,8.32,14.02,2017,9/10/17,9,2017,0.75
TOA,362.18,5.7,0.833333333,7,3,336.5,8.4,14.45,2017,9/14/17,9,2017,0.857142857
VLA,276.24,5.3,0.333333333,7,4,319.4,8.37,14.48,2017,9/19/17,9,2017,0.2
VAI,350.4,4.2,0.666666667,6,3,319.4,8.37,14.48,2017,9/19/17,9,2017,1
CUE,375.31,7,1,5,2,319.4,8.37,14.48,2017,9/19/17,9,2017,0
OMA,203.08,7.4,0.375,8,0,187.9,8.49,15.05,2017,9/25/17,9,2017,0.285714286
GIZ,226.96,5.6,0.5,7,4,129.6,8.45,15.42,2017,10/2/17,10,2017,0.4
TOA,152,5.8,0.833333333,7,3,115.1,8.46,15.47,2017,10/3/17,10,2017,0.857142857
DOP,274.8,6,1,7,1,124.5,8.46,15.52,2017,10/4/17,10,2017,1
CAE,262.71,4.7,1,3,0,124.5,8.46,15.52,2017,10/4/17,10,2017,1
OMA,202.39,7.5,0.375,8,0,125,8.49,15.5,2017,10/5/17,10,2017,0.285714286
NEP,66.25,5.5,NA,5,2,130.3,8.47,15.67,2017,10/6/17,10,2017,0.5
GIA,88,4.1,0.75,4,1,130.3,8.47,15.67,2017,10/6/17,10,2017,1
GIB,63.53,4.3,1,4,1,147.1,8.47,15.67,2017,10/7/17,10,2017,0.666666667
JAC,233.9,6,NA,5,2,147.1,8.47,15.67,2017,10/7/17,10,2017,0.25
TDO,313.88,4.2,0.5,10,4,100.2,8.38,15.99,2017,10/11/17,10,2017,0.25
VIM,265.18,5.7,0.166666667,6,4,99.5,8.34,15.94,2017,10/12/17,10,2017,0.285714286
JAR,288,5.4,0,2,0,229.3,8.26,16.09,2017,10/19/17,10,2017,0
DIL,327.32,7,0,4,1,229.3,8.26,16.09,2017,10/19/17,10,2017,0.166666667
CUE,335.52,7.1,1,5,2,227.8,8.25,15.92,2017,10/20/17,10,2017,0
ISA,1042,7.3,0.5,3,2,270.3,8.1,16.03,2017,10/27/17,10,2017,1
HOR,199.94,6.3,0.75,9,0,246.6,8.07,15.94,2017,10/30/17,10,2017,1
JAC,199.53,6.1,NA,5,2,245.6,7.97,15.77,2017,11/2/17,11,2017,0.25
JAR,334.13,5.5,0,2,0,235,7.84,15.73,2017,11/4/17,11,2017,0
CRU,203.56,4,0.666666667,5,0,235,7.84,15.73,2017,11/4/17,11,2017,1
CUE,157.25,7.1,1,5,1,235,7.84,15.73,2017,11/4/17,11,2017,0
GIB,175.71,4.4,1,4,1,231.3,7.75,15.57,2017,11/6/17,11,2017,0.666666667
PIP,193.6,7,0.666666667,5,1,231.3,7.75,15.57,2017,11/6/17,11,2017,1
GAV,206.04,7.1,0.666666667,4,1,231.3,7.75,15.57,2017,11/6/17,11,2017,0.25
CAE,361.6,4.8,1,3,0,231.3,7.72,15.64,2017,11/7/17,11,2017,1
TDO,784.09,4.2,0.5,10,4,231.3,7.66,15.52,2017,11/9/17,11,2017,0.25
DIL,193.33,7.1,0,4,1,43.6,7.5,15.68,2017,11/22/17,11,2017,0.166666667
TOA,749.85,5.9,0.833333333,7,3,43.6,7.5,15.68,2017,11/22/17,11,2017,0.857142857
VLA,179.1,5.5,0.333333333,7,4,29.6,7.43,15.65,2017,11/23/17,11,2017,0.2
ISA,202.48,7.4,0.5,3,1,29.6,7.43,15.65,2017,11/23/17,11,2017,1
HOR,352.56,6.4,0.75,9,0,29.6,7.43,15.65,2017,11/23/17,11,2017,1
NEP,175.38,5.7,NA,5,2,29.6,7.43,15.65,2017,11/23/17,11,2017,0.5
DOP,333.13,6.1,1,7,1,27.6,7.39,15.6,2017,11/24/17,11,2017,1
MYC,589.31,5.1,0.285714286,8,0,27.6,7.35,15.53,2017,11/25/17,11,2017,0.142857143
VIM,371.81,5.9,0.166666667,6,4,27.6,7.35,15.53,2017,11/25/17,11,2017,0.285714286
TDO,377.74,4.3,0.5,10,4,27.2,7.26,15.46,2017,12/1/17,12,2017,0.25
ISA,672,7.4,0.5,3,1,27.2,7.26,15.46,2017,12/1/17,12,2017,1
JAR,240,5.6,0,2,0,27.2,7.26,15.44,2017,12/2/17,12,2017,0
HOR,180.64,6.4,0.75,9,0,27.2,7.26,15.44,2017,12/2/17,12,2017,1
DIL,326.84,7.1,0,4,1,27.2,7.26,15.44,2017,12/2/17,12,2017,0.166666667
CUE,560.63,7.2,1,5,1,21.8,7.24,15.43,2017,12/4/17,12,2017,0
DOP,441.66,6.2,1,7,1,0,7.24,15.48,2017,12/7/17,12,2017,1
VIM,448.8,5.9,0.166666667,6,4,0,7.24,15.48,2017,12/7/17,12,2017,0.285714286
VAI,356.7,4.4,0.666666667,6,3,0,7.24,15.48,2017,12/7/17,12,2017,1
TOA,594.75,6,0.833333333,7,3,0,7.24,15.48,2017,12/7/17,12,2017,0.857142857
VLA,440.06,5.5,0.333333333,7,4,0,7.24,15.48,2017,12/7/17,12,2017,0.2
CRI,530.91,4.2,0,5,0,0,7.25,15.5,2017,12/8/17,12,2017,0.75
MYC,286.36,5.1,0.285714286,8,0,0,7.25,15.5,2017,12/8/17,12,2017,0.285714286
CRU,320.67,4.1,0.666666667,5,0,0,7.25,15.5,2017,12/8/17,12,2017,1
CAE,475.84,4.9,1,3,0,0,7.25,15.5,2017,12/8/17,12,2017,1
NEP,364.1,5.7,NA,5,2,0,6.33,14.99,2017,12/22/17,12,2017,0.5
JAC,341.83,6.2,NA,5,2,0,6.33,14.99,2017,12/22/17,12,2017,0.25
GIZ,485.85,5.9,0.5,7,4,0,6.09,14.85,2018,1/1/18,1,2018,0.4
ISA,420.73,7.5,0.5,3,1,0,6.09,14.85,2018,1/1/18,1,2018,1
VIM,476.7,6,0.166666667,6,4,0,5.97,14.78,2018,1/3/18,1,2018,0.285714286
JAC,228.65,6.2,NA,5,2,0,5.98,14.76,2018,1/5/18,1,2018,0.25
CRI,422.91,4.3,0,5,0,0,5.98,14.71,2018,1/6/18,1,2018,0.75
JAR,386.96,5.7,0,2,0,0,5.88,14.56,2018,1/11/18,1,2018,NA
MYC,377.56,5.2,0.285714286,8,0,0,5.91,14.64,2018,1/13/18,1,2018,0.571428571
CAE,341.01,5,1,3,0,0,5.91,14.64,2018,1/13/18,1,2018,1
CUE,462.08,7.3,1,5,1,0,5.91,14.64,2018,1/13/18,1,2018,0
DOP,633.67,6.3,1,7,1,0,5.99,14.78,2018,1/15/18,1,2018,1
DIL,393.23,7.2,0,4,1,0,5.99,14.78,2018,1/15/18,1,2018,0.333333333
VAI,361.25,4.5,0.666666667,6,3,0,5.99,14.78,2018,1/15/18,1,2018,0.8
CRU,371.08,4.2,0.666666667,5,0,0,6.15,14.77,2018,1/22/18,1,2018,1
VLA,755.17,5.6,0.333333333,7,4,0,6.15,14.77,2018,1/22/18,1,2018,0.2
PIP,914.23,7.2,0.666666667,5,1,0,6.21,14.82,2018,1/23/18,1,2018,1
GAV,838.58,7.3,0.666666667,4,1,0,6.21,14.82,2018,1/23/18,1,2018,0.25
GIB,485.19,4.6,1,4,1,0,6.21,14.82,2018,1/23/18,1,2018,0.666666667
NEP,530.23,5.8,NA,5,2,0,6.34,15.03,2018,1/30/18,1,2018,0.5
ISA,444.24,7.6,0.5,3,0,0,6.49,15.21,2018,2/1/18,2,2018,1
DIL,320,7.3,0,4,1,0,6.6,15.65,2018,2/5/18,2,2018,0.285714286
GIZ,376.91,5.9,0.5,7,4,0,6.6,15.65,2018,2/5/18,2,2018,0.4
JAR,315.71,5.7,0,2,0,0,6.6,15.65,2018,2/5/18,2,2018,NA
CUE,820.9,7.4,1,5,1,0,6.6,15.65,2018,2/5/18,2,2018,0
CAE,358.04,5,1,3,0,0,6.6,15.65,2018,2/5/18,2,2018,1
VLA,332.18,5.7,0.333333333,7,4,0,6.6,15.65,2018,2/5/18,2,2018,0.2
DOP,436.29,6.3,1,7,0,0,6.65,15.71,2018,2/6/18,2,2018,1
VIM,297,6.1,0.166666667,6,4,0,6.65,15.71,2018,2/6/18,2,2018,0.285714286
TOA,153,6.1,0.833333333,7,3,0,6.65,15.71,2018,2/6/18,2,2018,0.857142857
VAI,474.5,4.6,0.666666667,6,3,0,6.65,15.71,2018,2/6/18,2,2018,0.8
CRU,423.56,4.3,0.666666667,5,0,0,6.65,15.71,2018,2/6/18,2,2018,1
CRI,369.41,4.4,0,5,0,0,6.72,15.79,2018,2/7/18,2,2018,0.75
GIB,136.8,4.7,1,4,0,0,7.36,16.59,2018,2/13/18,2,2018,0.666666667
GIA,452.95,4.5,0.75,4,1,0,7.36,16.59,2018,2/13/18,2,2018,NA
GAV,724.88,7.4,0.666666667,4,0,0,7.36,16.59,2018,2/13/18,2,2018,0.25
PIP,990.33,7.3,0.666666667,5,1,0,7.36,16.59,2018,2/13/18,2,2018,NA
ISA,955.26,7.6,0.5,3,1,2.2,8.07,18.13,2018,3/1/18,3,2018,1
DOP,585.1,6.4,1,7,1,2.2,8.07,18.13,2018,3/1/18,3,2018,1
CAE,241,5.2,1,3,0,22.6,8.34,20.09,2018,4/2/18,4,2018,1
ISA,364.38,7.7,0.5,3,1,22.6,8.34,20.09,2018,4/2/18,4,2018,1
DIL,407.7,7.4,0,4,1,22.6,8.34,20.09,2018,4/2/18,4,2018,0.285714286
VLA,340,5.8,0.333333333,7,4,23.4,8.36,20.09,2018,4/3/18,4,2018,0.4
GIZ,259.38,6.1,0.5,7,4,25.9,8.49,20.18,2018,4/5/18,4,2018,0.2
VAI,396.71,4.7,0.666666667,6,3,25.9,8.49,20.18,2018,4/5/18,4,2018,0.8
CRI,311.75,4.5,0,5,0,25.9,8.49,20.18,2018,4/5/18,4,2018,0.75
VIM,197.35,6.2,0.166666667,6,4,25.9,8.49,20.18,2018,4/5/18,4,2018,0.285714286
JAR,397.35,5.9,0,2,0,25.9,8.49,20.18,2018,4/5/18,4,2018,NA
CRU,368.49,4.4,0.666666667,5,0,25.9,8.49,20.18,2018,4/5/18,4,2018,1
TOA,495.19,6.3,0.833333333,7,3,25.9,8.49,20.18,2018,4/5/18,4,2018,0.857142857
DOP,224.49,6.5,1,7,1,25.9,8.49,20.18,2018,4/5/18,4,2018,1
JAC,705,6.5,NA,5,2,25.9,8.48,20.16,2018,4/6/18,4,2018,0.333333333
NEP,348.18,6,NA,5,2,25.9,8.48,20.16,2018,4/6/18,4,2018,0.5
GIZ,390.32,6.2,0.5,7,4,37.5,9.31,20.72,2018,5/3/18,5,2018,0.2
CRI,300.22,4.6,0,5,0,35,9.7,21.35,2018,5/7/18,5,2018,0.75
ISA,494.65,7.8,0.5,3,1,57,9.77,21.33,2018,5/8/18,5,2018,1
TOA,190,6.4,0.833333333,7,3,57,9.77,21.33,2018,5/8/18,5,2018,0.857142857
VLA,473.36,5.9,0.333333333,7,4,57,9.77,21.33,2018,5/8/18,5,2018,0.4
DOP,312.73,6.6,1,7,1,57,9.77,21.33,2018,5/8/18,5,2018,1
VAI,504.86,4.8,0.666666667,6,3,57,9.77,21.33,2018,5/8/18,5,2018,0.8
VIM,434.05,6.3,0.166666667,6,4,57,9.77,21.33,2018,5/8/18,5,2018,0.285714286
GAV,743.46,7.6,0.666666667,5,1,70.5,9.87,21.16,2018,5/10/18,5,2018,0.25
PIP,397.76,7.5,0.666666667,5,1,70.5,9.87,21.16,2018,5/10/18,5,2018,1
JAC,403.37,6.6,NA,5,2,70.5,9.87,21.16,2018,5/10/18,5,2018,0.333333333
NEP,548.63,6.1,NA,5,2,70.5,9.87,21.16,2018,5/10/18,5,2018,0.5
TDO,358.55,4.7,0.5,10,3,70.5,9.87,21.16,2018,5/10/18,5,2018,0
JAR,597.13,6,0,2,0,70.5,9.92,21.16,2018,5/11/18,5,2018,0
GIB,294.89,4.9,1,4,1,70.5,10.24,21.58,2018,5/15/18,5,2018,0.75
GIA,291.86,4.7,0.75,4,1,70.5,10.24,21.58,2018,5/15/18,5,2018,1
CUE,795.32,7.6,1,5,1,70.5,10.18,21.62,2018,5/16/18,5,2018,0
DIL,437.14,7.5,0,4,1,70.5,10.22,21.64,2018,5/17/18,5,2018,0.285714286
DIL,509.37,7.6,0,4,1,174.2,10.03,20.7,2018,6/1/18,6,2018,0.285714286
CRU,252.82,4.6,0.666666667,5,0,174.2,10.03,20.7,2018,6/1/18,6,2018,1
JAR,479.84,6.1,0,2,0,174.2,10.03,20.7,2018,6/1/18,6,2018,0
CUE,274.8,7.7,1,5,1,174.2,10.03,20.7,2018,6/1/18,6,2018,0
GAV,363.47,7.7,0.666666667,5,1,191.7,10.01,20.59,2018,6/2/18,6,2018,0.25
PIP,613.58,7.6,0.666666667,5,1,191.7,10.01,20.59,2018,6/2/18,6,2018,1
GIA,273.76,4.8,0.75,4,1,191.7,10.01,20.59,2018,6/2/18,6,2018,1
GIB,254.56,5,1,4,1,191.7,10.01,20.59,2018,6/2/18,6,2018,0.666666667
CRI,251.74,4.7,0,5,0,193.7,9.98,19.92,2018,6/4/18,6,2018,0.75
VLA,538.25,6,0.333333333,7,4,193.7,9.98,19.92,2018,6/4/18,6,2018,0.4
ISA,634.82,7.9,0.5,3,1,193.7,9.98,19.92,2018,6/4/18,6,2018,1
DOP,490.91,6.7,1,7,1,196.8,9.75,19.2,2018,6/7/18,6,2018,1
VIM,379.45,6.4,0.166666667,6,4,196.8,9.75,19.2,2018,6/7/18,6,2018,0.285714286
VAI,174.69,4.9,0.666666667,6,3,196.8,9.75,19.2,2018,6/7/18,6,2018,0.8
TDO,525.55,4.8,0.5,10,3,212.8,9.49,18.46,2018,6/12/18,6,2018,0
NEP,186.68,6.3,NA,5,2,324.3,8.67,15.65,2018,6/30/18,6,2018,NA
JAC,274.65,6.7,NA,5,2,324.3,8.67,15.65,2018,6/30/18,6,2018,NA
ISA,299.59,8,0.5,3,1,279.3,8.64,15.36,2018,7/2/18,7,2018,1
CUE,318.46,7.8,1,5,1,279.3,8.64,15.36,2018,7/2/18,7,2018,0
CAE,264,5.4,1,3,0,279.3,8.64,15.36,2018,7/2/18,7,2018,1
GAV,396.49,7.8,0.666666667,5,1,279.3,8.64,15.36,2018,7/2/18,7,2018,0.25
DOP,494.94,6.7,1,7,1,280.8,8.56,15.33,2018,7/3/18,7,2018,1
GIZ,337.67,6.4,0.5,7,4,280.8,8.56,15.33,2018,7/3/18,7,2018,0.2
DIL,330,7.7,0,4,1,280.8,8.56,15.33,2018,7/3/18,7,2018,0.285714286
JAR,356.44,6.1,0,2,0,286.3,8.48,15.3,2018,7/4/18,7,2018,0
JAC,352,6.7,NA,5,2,391.2,8.32,14.89,2018,7/9/18,7,2018,NA
NEP,208.24,6.3,NA,5,2,391.2,8.32,14.89,2018,7/9/18,7,2018,NA
CRI,196.48,4.8,0,5,0,416.7,8.28,14.65,2018,7/10/18,7,2018,0.75
VIM,420.75,6.5,0.166666667,6,4,416.7,8.28,14.65,2018,7/10/18,7,2018,0.285714286
CRU,397.07,4.7,0.666666667,5,0,416.7,8.28,14.65,2018,7/10/18,7,2018,1
TDO,711.51,4.9,0.5,10,3,421.2,8.23,14.56,2018,7/11/18,7,2018,0
TOA,584,6.6,0.833333333,7,3,421.2,8.23,14.56,2018,7/11/18,7,2018,0.857142857
VLA,409.83,6.1,0.333333333,7,4,421.2,8.23,14.56,2018,7/11/18,7,2018,0.4
VAI,472.19,5,0.666666667,6,3,421.2,8.23,14.56,2018,7/11/18,7,2018,0.8
PIP,886.54,7.7,0.666666667,5,1,474.4,7.91,13.53,2018,7/19/18,7,2018,1
GIA,60,4.9,0.75,4,1,482.7,7.85,13.32,2018,7/21/18,7,2018,1
GIB,341.69,5.1,1,4,1,482.7,7.85,13.32,2018,7/21/18,7,2018,0.666666667
DIL,382.55,7.8,0,4,1,460.9,8.1,13.85,2018,8/1/18,8,2018,0.25
DOP,392.84,6.8,1,7,1,460.9,8.1,13.85,2018,8/1/18,8,2018,1
JAC,338.22,6.8,NA,5,2,460.9,8.1,13.85,2018,8/1/18,8,2018,NA
MYC,288.79,5.8,0.285714286,8,0,460.9,8.1,13.85,2018,8/1/18,8,2018,0.571428571
TOA,264,6.6,0.833333333,7,2,460.9,8.1,13.85,2018,8/1/18,8,2018,0.857142857
CRI,588.76,4.8,0,5,0,475.4,8.09,13.76,2018,8/2/18,8,2018,0.75
NEP,475.89,6.3,NA,5,2,475.4,8.09,13.76,2018,8/2/18,8,2018,NA
CAE,390.09,5.5,1,3,0,475.4,8.09,13.76,2018,8/2/18,8,2018,1
VLA,728.13,6.1,0.333333333,7,3,475.4,8.09,13.76,2018,8/2/18,8,2018,0.4
VIM,382.5,6.5,0.166666667,6,3,475.4,8.09,13.76,2018,8/2/18,8,2018,0.285714286
CRU,385.97,4.8,0.666666667,5,0,475.4,8.09,13.76,2018,8/2/18,8,2018,1
VAI,547.5,5,0.666666667,6,2,475.4,8.09,13.76,2018,8/2/18,8,2018,0.8
JAR,520.16,6.2,0,2,0,471.9,8.07,13.8,2018,8/3/18,8,2018,0
GIZ,752.7,6.4,0.5,7,4,471.9,8.07,13.8,2018,8/3/18,8,2018,0.2
GAV,604.86,7.9,0.666666667,5,1,416.4,8.15,14.45,2018,8/16/18,8,2018,0.25
PIP,474.33,7.8,0.666666667,5,1,416.4,8.15,14.45,2018,8/16/18,8,2018,1
VIM,815.29,6.7,0.166666667,6,3,340,8.05,14.89,2018,9/14/18,9,2018,0.285714286
CRI,205.38,5,0,5,0,340,8.05,14.89,2018,9/14/18,9,2018,0.75
PIP,457.4,7.9,0.666666667,5,1,322.5,8.12,15.12,2018,9/17/18,9,2018,1
NEP,353.3,6.5,NA,5,2,322.5,8.12,15.12,2018,9/17/18,9,2018,NA
JAC,198.29,6.9,NA,5,2,322.5,8.12,15.12,2018,9/17/18,9,2018,NA
GIA,157.85,5,0.75,4,1,322.5,8.12,15.12,2018,9/17/18,9,2018,1
GAV,428.14,8,0.666666667,5,1,175.1,8.18,16.23,2018,9/29/18,9,2018,0.25
VLA,453.45,6.3,0.333333333,7,3,139.2,8.21,16.75,2018,10/5/18,10,2018,0.4
CRI,135,5,0,5,0,139.2,8.21,16.75,2018,10/5/18,10,2018,0.75
CUE,402,8,1,5,1,139.2,8.21,16.75,2018,10/5/18,10,2018,0
CRU,155.77,4.9,0.666666667,5,0,139.2,8.21,16.75,2018,10/5/18,10,2018,1
CAE,148.06,5.7,1,3,0,139.2,8.21,16.75,2018,10/5/18,10,2018,1
VIM,199.63,6.7,0.166666667,6,3,185,8.18,16.8,2018,10/8/18,10,2018,0.285714286
TOA,250.26,6.8,0.833333333,7,2,185,8.18,16.8,2018,10/8/18,10,2018,0.857142857
DIL,174.95,7.9,0,4,1,181.5,8.19,16.67,2018,10/9/18,10,2018,0.666666667
DOP,343.04,7,1,7,1,181.5,8.19,16.67,2018,10/9/18,10,2018,1
VAI,191.62,5.2,0.666666667,6,2,181.2,8.2,16.75,2018,10/10/18,10,2018,0.8
MUF,195.26,4.6,0.666666667,5,2,155.5,8.38,16.11,2018,10/26/18,10,2018,0.666666667
TOA,510.22,6.9,0.833333333,7,2,107.5,8.24,15.13,2018,11/7/18,11,2018,0.857142857
VAI,306.59,5.3,0.666666667,6,2,107.5,8.24,15.13,2018,11/7/18,11,2018,0.8
CAE,201.97,5.8,1,3,0,107.5,8.24,15.13,2018,11/7/18,11,2018,1
CUE,473.89,8.1,1,5,1,107.5,8.24,15.13,2018,11/7/18,11,2018,0
VIM,195.43,6.8,0.166666667,6,3,107.5,8.24,15.13,2018,11/7/18,11,2018,0.285714286
VLA,314.22,6.4,0.333333333,7,3,107.5,8.24,15.13,2018,11/7/18,11,2018,0.4
ISA,636.52,8.3,0.5,3,1,98.5,8.24,15.15,2018,11/8/18,11,2018,1
CRU,223,5,0.666666667,5,0,98.5,8.24,15.15,2018,11/8/18,11,2018,1
CRI,257.85,5.1,0,5,0,98.5,8.24,15.15,2018,11/8/18,11,2018,0.75
JAR,156.79,6.5,0,2,0,92,8.02,14.68,2018,11/13/18,11,2018,0
VAD,1147.22,0.2,0.4,6,2,65.5,7.69,14.24,2018,11/29/18,11,2018,0.4
COA,568.78,0.1,0.666666667,4,1,57,7.94,13.81,2018,12/4/18,12,2018,0.666666667
ISA,354.59,8.4,0.5,3,1,52,7.92,13.7,2018,12/7/18,12,2018,1
ISA,442.71,8.4,0.5,3,1,41,7.87,13.23,2018,12/10/18,12,2018,1
CUE,469.29,8.2,1,5,1,41,7.87,13.23,2018,12/10/18,12,2018,0
TOA,274.48,7,0.833333333,7,2,39.4,7.89,13.21,2018,12/11/18,12,2018,0.857142857
VIM,288.26,6.9,0.166666667,6,3,39.4,7.89,13.21,2018,12/11/18,12,2018,0.285714286
VLA,277.9,6.5,0.333333333,7,3,39.4,7.89,13.21,2018,12/11/18,12,2018,0.4
CRU,315.86,5.1,0.666666667,5,0,39.4,7.89,13.21,2018,12/11/18,12,2018,1
VAI,460,5.4,0.666666667,6,2,39.4,7.89,13.21,2018,12/11/18,12,2018,0.8
CAE,566.18,5.9,1,3,0,39.4,7.89,13.21,2018,12/11/18,12,2018,1
DOP,256.29,7.2,1,7,1,39.4,7.89,13.21,2018,12/11/18,12,2018,1
JAR,807.3,6.6,0,2,0,39.4,7.89,13.21,2018,12/11/18,12,2018,0
DIL,854.91,8.1,0,4,1,39.7,7.92,13.23,2018,12/13/18,12,2018,0.666666667
COA,263.34,0.2,0.666666667,4,1,20.4,7.89,12.91,2018,12/19/18,12,2018,0.666666667
AGA,711.25,7,1,5,0,20.4,7.89,12.91,2018,12/19/18,12,2018,0.6
DRO,716.14,5.6,0.333333333,7,0,7.9,7.6,12.62,2018,12/28/18,12,2018,0.666666667
MUF,737.18,4.8,0.666666667,5,2,2.9,7.59,12.57,2018,12/29/18,12,2018,0.666666667
CUE,596.47,8.3,1,5,1,2.4,7.04,12.6,2019,1/5/19,1,2019,0
JAR,536.82,6.7,0,2,0,2.4,6.92,12.62,2019,1/8/19,1,2019,0
ISA,470.52,8.5,0.5,3,1,0.9,6.82,12.79,2019,1/9/19,1,2019,1
VAI,445.75,5.5,0.666666667,6,2,0.5,6.7,12.76,2019,1/10/19,1,2019,0.8
CAE,303,5.9,1,3,0,0.5,6.7,12.76,2019,1/10/19,1,2019,1
VAD,802.21,0.3,0.4,6,2,0.2,6.41,12.51,2019,1/14/19,1,2019,0.4
DIL,669.38,8.2,0,4,1,0,6.33,12.48,2019,1/16/19,1,2019,0.666666667
CRI,308.42,5.3,0,5,0,0,6.33,12.48,2019,1/16/19,1,2019,0.75
CRU,459.17,5.2,0.666666667,5,0,0,6.33,12.48,2019,1/16/19,1,2019,1
MUF,185.06,4.9,0.666666667,5,2,0,6.52,12.76,2019,1/23/19,1,2019,0.666666667
MEK,210.36,5,1,5,2,0,6.52,12.76,2019,1/23/19,1,2019,1
AGA,474.12,7.1,1,5,0,0,6.57,13.04,2019,1/26/19,1,2019,0.6
VIM,348.82,7,0.166666667,6,3,0,6.77,13.32,2019,1/28/19,1,2019,0.285714286
VLA,443.11,6.6,0.333333333,7,3,0,6.77,13.32,2019,1/28/19,1,2019,0.4
VAI,384.17,5.5,0.666666667,6,2,0,6.77,13.32,2019,1/28/19,1,2019,0.8
TOA,387.48,7.1,0.833333333,7,2,0,6.77,13.32,2019,1/28/19,1,2019,0.857142857
DRO,418.5,5.7,0.333333333,7,0,0,7.1,14.79,2019,2/4/19,2,2019,0.666666667
AGA,745.6,7.1,1,5,0,0,7.81,16.21,2019,2/12/19,2,2019,0.6
DIL,442.9,8.3,0,4,1,1.5,8.05,16.56,2019,2/14/19,2,2019,0.67
DOP,412.5,7.4,1,7,0,1.5,8.05,16.56,2019,2/14/19,2,2019,1
VLA,327.28,6.7,0.333333333,7,3,2.2,8.51,17.35,2019,2/19/19,2,2019,0.4
VLA,763.86,6.7,0.333333333,7,3,2.2,8.6,17.55,2019,2/20/19,2,2019,0.4
TOA,496.85,7.2,0.833333333,7,2,2.2,8.6,17.55,2019,2/20/19,2,2019,0.857142857
VIM,570.57,7.1,0.166666667,6,3,2.2,8.6,17.55,2019,2/20/19,2,2019,0.285714286
VAD,465.9,0.4,0.4,6,2,2.2,8.7,17.73,2019,2/21/19,2,2019,0.4
CRU,316.7,5.3,0.666666667,5,0,2.2,8.79,17.89,2019,2/22/19,2,2019,1
DRO,178.51,5.8,0.333333333,7,0,7,9.2,18.16,2019,3/2/19,3,2019,0.666666667
JAR,302.95,6.8,0,2,0,7,9.2,18.16,2019,3/2/19,3,2019,0
DOP,198.42,7.4,1,7,1,7,9.43,18.04,2019,3/4/19,3,2019,1
MUF,412.79,5,0.666666667,5,2,7,9.93,17.96,2019,3/13/19,3,2019,0.666666667
MOH,291.94,4.5,0.333333333,4,2,7,9.93,17.96,2019,3/13/19,3,2019,0.5
VLA,346.88,6.8,0.333333333,7,3,6,10.23,18.05,2019,3/15/19,3,2019,0.4
CAE,325.36,6.1,1,3,0,6,10.23,18.05,2019,3/15/19,3,2019,1
CRI,264.82,5.5,0,5,0,13.8,10.54,18.26,2019,3/19/19,3,2019,0.75
CRU,116.31,5.4,0.666666667,5,0,13.8,10.54,18.26,2019,3/19/19,3,2019,1
DIL,163.91,8.4,0,4,1,15,10.83,18.61,2019,3/22/19,3,2019,0.666666667
VIM,291.8,7.2,0.166666667,6,3,15,10.83,18.61,2019,3/22/19,3,2019,0.285714286
DOP,599.48,7.5,1,7,1,10.3,11.42,19.36,2019,4/2/19,4,2019,1
DIL,461.29,8.4,0,4,1,10.3,11.42,19.36,2019,4/2/19,4,2019,0.666666667
JAR,403.64,6.9,0,2,0,10.3,11.44,19.39,2019,4/3/19,4,2019,0
DRO,237.02,5.9,0.333333333,7,0,10.3,11.5,19.51,2019,4/5/19,4,2019,0.666666667
CRU,208.05,5.4,0.666666667,5,0,11.7,11.89,19.84,2019,4/9/19,4,2019,1
VAI,186.18,5.7,0.666666667,6,2,11.7,11.89,19.84,2019,4/9/19,4,2019,0.8
CRI,237.28,5.5,0,5,0,11.7,11.89,19.84,2019,4/9/19,4,2019,0.75
VIM,350,7.2,0.166666667,6,3,11.7,11.89,19.84,2019,4/9/19,4,2019,0.285714286
CAE,241.46,6.2,1,3,0,11.7,11.89,19.84,2019,4/9/19,4,2019,1
TOA,541.72,7.3,0.833333333,7,2,12.2,12.05,20.09,2019,4/11/19,4,2019,0.857142857
VLA,357.86,6.8,0.333333333,7,3,12.2,12.05,20.09,2019,4/11/19,4,2019,0.4
MOH,269.09,4.6,0.333333333,4,2,13.3,11.66,20.52,2019,4/15/19,4,2019,0.5
MUF,281.34,5.1,0.666666667,5,2,13.3,11.66,20.52,2019,4/15/19,4,2019,0.666666667
MEK,192.2,5.2,1,5,2,9.1,11.54,20.73,2019,4/17/19,4,2019,1
CLU,245.5,1,1,5,0,36.6,10.85,20.72,2019,4/22/19,4,2019,1
MOH,364.62,4.6,0.333333333,4,2,52.6,9.92,21.71,2019,5/3/19,5,2019,0.5
JAR,443.84,7,0,2,0,52.6,9.92,21.71,2019,5/3/19,5,2019,0
DRO,330.56,5.9,0.333333333,7,0,60.8,9.31,22.61,2019,5/8/19,5,2019,0.666666667
DOP,304.07,7.6,1,7,1,60.8,9.31,22.61,2019,5/8/19,5,2019,1
DIL,316.42,8.5,0,4,1,60.8,9.31,22.61,2019,5/8/19,5,2019,0.666666667
CAE,361.07,6.3,1,3,0,147.4,8.33,21.11,2019,5/27/19,5,2019,1
CRI,330.13,5.7,0,5,0,147.4,8.33,21.11,2019,5/27/19,5,2019,0.75
MEK,179.59,5.3,1,5,2,147.4,8.33,21.11,2019,5/27/19,5,2019,1
MUF,228.64,5.2,0.666666667,5,2,147.4,8.33,21.11,2019,5/27/19,5,2019,0.666666667
VAI,271.55,5.9,0.666666667,6,2,147.4,8.33,21.11,2019,5/27/19,5,2019,0.833333333
CAE,359.34,6.3,1,3,0,211.5,7.9,19.03,2019,6/5/19,6,2019,1
DOP,295.82,7.7,1,7,0,221.5,7.83,18.66,2019,6/6/19,6,2019,1
DIL,255.37,8.6,0,4,1,221.5,7.83,18.66,2019,6/6/19,6,2019,0.67
VIL,357.44,1.2,0,8,2,286.4,7.72,18.3,2019,6/7/19,6,2019,0
MUF,369.64,5.2,0.666666667,5,2,286.4,7.72,18.3,2019,6/7/19,6,2019,0.666666667
VAI,614.78,5.9,0.666666667,6,2,332,7.43,17.91,2019,6/10/19,6,2019,0.857142857
CLU,480.85,1.1,1,4,0,369.7,7.33,15.76,2019,6/18/19,6,2019,1
VIM,915.5,7.5,0.166666667,8,2,281.8,7.59,14.71,2019,7/1/19,7,2019,0.285714286
CRU,422.59,5.7,0.666666667,5,0,322.1,7.57,14.16,2019,7/5/19,7,2019,1
MYT,410.96,4.6,0.285714286,8,1,225.1,7.9,14.09,2019,7/8/19,7,2019,0.571428571
VAI,312.54,6,0.666666667,6,1,259.6,8.06,14.03,2019,7/11/19,7,2019,0.857142857
JAR,409.82,7.2,0,2,0,276.3,8.18,14.05,2019,7/19/19,7,2019,0
DRO,294.17,6.1,0.333333333,7,0,279.5,8.18,14.12,2019,7/20/19,7,2019,0.666666667
CAE,1237.92,6.5,1,3,0,279.5,8.18,14.12,2019,7/20/19,7,2019,1
VIM,424.44,7.6,0.166666667,8,2,426,9.73,14.39,2019,8/20/19,8,2019,0.285714286
MUF,530.37,5.4,0.666666667,5,2,441,9.86,14.77,2019,8/23/19,8,2019,0.666666667
MEK,249.44,5.6,1,5,2,441,9.86,14.77,2019,8/23/19,8,2019,1
MOH,557.18,5,0.333333333,4,2,441,9.86,14.77,2019,8/23/19,8,2019,0.5
JAR,718.94,7.3,0,2,0,342.6,9.71,15.64,2019,9/6/19,9,2019,0
DRO,353.95,6.3,0.333333333,7,0,228.1,9.67,15.92,2019,10/2/19,10,2019,1
TOA,387.33,7.8,0.833333333,7,1,228.35,9.66,16.04,2019,10/3/19,10,2019,0.857142857
CRI,436.9,6,0,5,0,216.75,9.18,16.32,2019,10/8/19,10,2019,0.75
VAI,334.62,6.2,0.666666667,6,1,229.25,8.98,16.3,2019,10/9/19,10,2019,0.714285714
VIM,332.87,7.7,0.166666667,8,2,229.25,8.98,16.3,2019,10/9/19,10,2019,0.285714286
CAE,507.94,6.7,1,3,0,205.75,8.91,16.32,2019,10/10/19,10,2019,1
CRU,561.41,6,0.666666667,5,0,144.8,7.97,16.44,2019,11/1/19,11,2019,1
VIQ,222.9,4.4,0.5,8,0,143.85,7.77,16.35,2019,11/4/19,11,2019,0.714285714
MUF,169.07,5.7,0.666666667,5,2,170.45,7.57,16.03,2019,11/14/19,11,2019,0.666666667
MEK,124.09,5.8,1,5,2,170.45,7.57,16.03,2019,11/14/19,11,2019,1
TOA,581.31,7.9,0.833333333,7,1,161.95,7.45,16.07,2019,11/15/19,11,2019,0.857142857
VIM,238.15,7.8,0.166666667,8,2,161.95,7.45,16.07,2019,11/15/19,11,2019,0.285714286
MOH,257.82,5.3,0.333333333,5,2,95.3,7.18,15.93,2019,12/11/19,12,2019,0.5
CRU,369.64,6.1,0.666666667,5,0,89.8,7.04,15.95,2019,12/13/19,12,2019,1
CRI,1891.93,6.2,0,5,0,89.8,7.04,15.95,2019,12/13/19,12,2019,0.75
CLU,780.82,1.6,1,4,0,78.1,6.55,15.55,2019,12/21/19,12,2019,1
KOK,240.69,4.2,1,4,0,65.1,6.2,15.46,2019,12/23/19,12,2019,1
MEK,345.39,5.9,1,5,2,65.1,6.2,15.46,2019,12/23/19,12,2019,1
MUF,545.43,5.8,0.666666667,5,2,65.1,6.2,15.46,2019,12/23/19,12,2019,0.75
JEM,419.29,4.2,0,2,0,20.1,6.03,15.42,2019,12/24/19,12,2019,1
TOA,914.5,8,0.833333333,7,1,7.3,5.3,15.1,2019,12/30/19,12,2019,0.857142857
VAI,305.11,6.5,0.666666667,6,1,7.3,5.22,15.09,2019,12/31/19,12,2019,0.571428571
VIM,242.76,8,0.166666667,8,2,7.3,5.22,15.09,2019,12/31/19,12,2019,0.285714286
DRO,568.42,6.6,0.333333333,7,0,7.3,5.22,15.09,2019,12/31/19,12,2019,0.5
KOK,325.18,4.2,1,4,0,7.3,5.45,15.21,2020,1/6/20,1,2020,1
CLU,387.03,1.7,1,4,0,7.3,5.41,15.15,2020,1/9/20,1,2020,1
MEK,211.22,6,1,5,2,0.2,5.24,15.09,2020,1/14/20,1,2020,1
CAE,450.77,7,1,3,0,0.2,5.24,15.09,2020,1/14/20,1,2020,1
VAI,415.38,6.5,0.666666667,6,1,0.2,5.24,15.09,2020,1/14/20,1,2020,0.571428571
TOA,1161.68,8.1,0.833333333,7,1,0.2,5.18,15.18,2020,1/17/20,1,2020,0.857142857
VIM,617.73,8,0.166666667,8,2,0.2,5.18,15.18,2020,1/17/20,1,2020,0.285714286
VIQ,381.63,4.6,0.5,8,0,0,5.09,15.46,2020,1/21/20,1,2020,0.714285714
JEM,421.62,4.3,0,2,0,0,5.09,15.46,2020,1/21/20,1,2020,1
CRU,534.23,6.2,0.666666667,5,0,0,5.15,15.51,2020,1/22/20,1,2020,1
MUF,619.46,5.8,0.666666667,5,2,0,5.15,15.51,2020,1/22/20,1,2020,0.75
MOH,535.74,5.4,0.333333333,5,2,0,5.15,15.51,2020,1/22/20,1,2020,0.5
TOA,255.94,8.1,0.833333333,7,1,0,5.24,15.56,2020,1/25/20,1,2020,0.857142857
VIM,595.28,8,0.166666667,8,2,0,5.24,15.56,2020,1/25/20,1,2020,0.285714286
DRO,712.5,6.7,0.333333333,7,0,0,5.25,15.86,2020,1/31/20,1,2020,0.5
MOH,448.27,5.4,0.333333333,5,2,0,5.25,15.86,2020,1/31/20,1,2020,0.5
CRU,383.68,6.3,0.666666667,5,0,0,5.25,15.86,2020,1/31/20,1,2020,1
VIM,267.26,8.1,0.166666667,8,2,0,5.06,15.78,2020,2/5/20,2,2020,0.285714286
JEM,289.38,4.3,0,2,0,0,5.06,15.78,2020,2/5/20,2,2020,0
VIQ,315,4.6,0.5,8,0,0,5.47,16.29,2020,2/11/20,2,2020,0.714285714
CAE,421.72,7,1,3,0,0,5.57,16.31,2020,2/12/20,2,2020,1
TYB,353.78,4.6,0.5,4,NA,0,5.8,16.62,2020,2/17/20,2,2020,NA
VAI,519.25,6.6,0.666666667,6,1,0,5.8,16.62,2020,2/17/20,2,2020,0.571428571
DRO,233.17,6.7,0.333333333,7,0,0,5.96,16.91,2020,2/19/20,2,2020,0.5
TOA,528.23,8.2,0.833333333,7,1,0,6.02,17.04,2020,2/20/20,2,2020,0.857142857
VAI,397.55,6.6,0.666666667,6,1,NA,NA,NA,2020,3/1/20,3,2020,0.714285714
TOA,903.86,8.2,0.833333333,7,1,NA,NA,NA,2020,3/2/20,3,2020,0.857142857
VAI,541.12,6.6,0.666666667,6,1,NA,NA,NA,2020,3/3/20,3,2020,0.714285714
CRU,211.19,6.3,0.666666667,5,0,NA,NA,NA,2020,3/3/20,3,2020,1
TYB,241.18,4.6,0.5,4,NA,NA,NA,NA,2020,3/5/20,3,2020,NA
VIM,329.7,8.1,0.166666667,8,2,NA,NA,NA,2020,3/6/20,3,2020,0.285714286
DRO,356.56,6.8,0.333333333,7,0,NA,NA,NA,2020,3/6/20,3,2020,0
JEM,120.23,4.4,0,2,0,NA,NA,NA,2020,3/7/20,3,2020,0
VIQ,733.21,4.7,0.5,8,0,NA,NA,NA,2020,3/7/20,3,2020,0.571428571
TAB,244.59,4.5,0.125,4,0,NA,NA,NA,2020,3/12/20,3,2020,0
MUF,119.73,6,0.666666667,5,2,NA,NA,NA,2020,3/13/20,3,2020,0.75